fold,subject,video,start_s,end_s,true_label,pred_label,proba_amused,proba_bored
1,10,4,750.00201,810.0010100000001,bored,bored,0.479889351166568,0.520110648833432
1,10,4,780.00201,840.0010100000001,bored,bored,0.3793398698687929,0.6206601301312072
1,10,4,810.00201,870.0010100000001,bored,bored,0.29046898231183305,0.7095310176881671
1,10,4,840.00201,900.0010100000001,bored,bored,0.26933834577551763,0.7306616542244824
1,10,4,870.00201,930.00101,bored,bored,0.20333566899978087,0.796664331000219
1,10,2,1020.00201,1080.00101,amused,amused,0.6182474261209066,0.38175257387909345
1,10,2,1050.00201,1110.00101,amused,bored,0.45562991268239506,0.544370087317605
1,10,2,1080.00201,1140.00101,amused,bored,0.4773444464132652,0.5226555535867349
1,10,2,1110.00201,1170.00101,amused,amused,0.5485117906394659,0.451488209360534
1,10,2,1140.00201,1200.00101,amused,amused,0.7340305219450414,0.26596947805495846
1,10,2,1170.00201,1230.00101,amused,amused,0.6649353296797503,0.33506467032024945
1,10,3,1320.00201,1380.00101,bored,amused,0.5801436747172921,0.4198563252827079
1,10,3,1350.00201,1410.00101,bored,bored,0.47189382823915443,0.5281061717608455
1,10,3,1380.00201,1440.00101,bored,bored,0.18704168889631592,0.8129583111036841
1,10,3,1410.00201,1470.00101,bored,bored,0.35312419807845447,0.6468758019215457
1,10,1,1560.00201,1620.00101,amused,bored,0.4975510896873916,0.5024489103126084
1,10,1,1590.00201,1650.00101,amused,bored,0.4488591123208707,0.5511408876791293
1,10,1,1620.00201,1680.00101,amused,bored,0.4203242986180558,0.5796757013819441
1,10,1,1650.00201,1710.00101,amused,bored,0.442442852793554,0.557557147206446
1,10,1,1680.00201,1740.00101,amused,bored,0.45221461190878204,0.5477853880912179
1,10,1,1710.00201,1770.00101,amused,bored,0.3273000816987337,0.6726999183012663
1,11,3,210.00001,269.99901,bored,amused,0.7354220391264589,0.26457796087354124
1,11,3,240.00001,299.99901,bored,amused,0.6604956275779597,0.3395043724220402
1,11,3,270.00001000000003,329.99901,bored,amused,0.6052822452389142,0.39471775476108584
1,11,3,300.00001000000003,359.99901,bored,amused,0.5022756461325018,0.4977243538674982
1,11,1,750.00001,809.99901,amused,amused,0.6845343516726853,0.31546564832731466
1,11,1,780.00001,839.99901,amused,bored,0.27646849919053607,0.7235315008094639
1,11,1,810.00001,869.99901,amused,bored,0.33906570363311267,0.6609342963668874
1,11,1,840.00001,899.99901,amused,bored,0.3389175635210321,0.661082436478968
1,11,1,870.00001,929.99901,amused,bored,0.4080329440034193,0.5919670559965808
1,11,1,900.00001,959.99901,amused,bored,0.3293354406769254,0.6706645593230747
1,11,1,930.00001,989.99901,amused,bored,0.3592069302799971,0.640793069720003
1,11,4,1590.00001,1649.99901,bored,amused,0.5306652426904903,0.4693347573095097
1,11,4,1620.00001,1679.99901,bored,bored,0.42652779736242186,0.5734722026375781
1,11,4,1650.00001,1709.99901,bored,bored,0.4700213248283337,0.5299786751716664
1,11,4,1680.00001,1739.99901,bored,bored,0.32321352382105034,0.6767864761789497
1,11,4,1710.00001,1769.99901,bored,bored,0.18463975505115826,0.8153602449488416
1,11,4,1740.00001,1799.99901,bored,bored,0.25979272633181244,0.7402072736681875
1,11,2,1890.00001,1949.99901,amused,bored,0.3471870875803213,0.6528129124196786
1,11,2,1920.00001,1979.99901,amused,bored,0.4105147278666459,0.589485272133354
1,11,2,1950.00001,2009.99901,amused,bored,0.4353228073893966,0.5646771926106035
1,11,2,1980.00001,2039.99901,amused,amused,0.5674997691680812,0.4325002308319187
1,11,2,2010.00001,2069.99901,amused,amused,0.6222079250458101,0.37779207495418987
1,15,3,210.001,270.0,bored,bored,0.49073636191001424,0.5092636380899856
1,15,3,240.001,300.0,bored,bored,0.3391070510559475,0.6608929489440524
1,15,3,270.001,330.0,bored,bored,0.28544491366150415,0.7145550863384955
1,15,3,300.001,360.0,bored,bored,0.2998557571242623,0.7001442428757375
1,15,1,720.001,780.0,amused,amused,0.5734362887121285,0.42656371128787135
1,15,1,750.001,810.0,amused,bored,0.41433131854511623,0.5856686814548838
1,15,1,780.001,840.0,amused,amused,0.526200504979,0.473799495021
1,15,1,810.001,870.0,amused,amused,0.5805285435470303,0.4194714564529697
1,15,1,840.001,900.0,amused,amused,0.5580881019699369,0.4419118980300631
1,15,1,870.001,930.0,amused,amused,0.8468902579265739,0.15310974207342606
1,15,2,1320.001,1380.0,amused,bored,0.4897648462808564,0.5102351537191437
1,15,2,1350.001,1410.0,amused,amused,0.5673364117183789,0.4326635882816211
1,15,2,1380.001,1440.0,amused,amused,0.7266399295586897,0.2733600704413102
1,15,2,1410.001,1470.0,amused,amused,0.8166226023180401,0.18337739768195957
1,15,2,1440.001,1500.0,amused,amused,0.8675608917427398,0.13243910825725994
1,15,2,1470.001,1530.0,amused,amused,0.7480775566657856,0.2519224433342144
1,15,4,1620.001,1680.0,bored,bored,0.3886552858499388,0.6113447141500611
1,15,4,1650.001,1710.0,bored,bored,0.36461980612007444,0.6353801938799255
1,15,4,1680.001,1740.0,bored,bored,0.3844629806918543,0.6155370193081456
1,15,4,1710.001,1770.0,bored,bored,0.3374006934802387,0.6625993065197613
1,15,4,1740.001,1800.0,bored,bored,0.3925232037712798,0.6074767962287201
1,15,4,1770.001,1830.0,bored,bored,0.47374179616420437,0.5262582038357957
1,27,3,210.00201,270.00101,bored,amused,0.6420490434232695,0.35795095657673043
1,27,3,240.00201,300.00101,bored,bored,0.4156211147589779,0.5843788852410222
1,27,3,270.00201,330.00101,bored,bored,0.4114274737413172,0.5885725262586828
1,27,3,300.00201,360.00101,bored,bored,0.47411470319985755,0.5258852968001424
1,27,1,1020.00201,1080.00101,amused,amused,0.5642434432805132,0.4357565567194868
1,27,1,1050.00201,1110.00101,amused,bored,0.447038312115396,0.5529616878846041
1,27,1,1080.00201,1140.00101,amused,bored,0.4705649041167944,0.5294350958832056
1,27,1,1110.00201,1170.00101,amused,amused,0.6400788173373164,0.35992118266268364
1,27,1,1140.00201,1200.00101,amused,amused,0.8464936007455515,0.15350639925444823
1,27,1,1170.00201,1230.00101,amused,amused,0.7467567631911461,0.25324323680885374
1,27,4,1320.00201,1380.00101,bored,amused,0.6487548873553156,0.3512451126446845
1,27,4,1350.00201,1410.00101,bored,bored,0.39567652622386346,0.6043234737761366
1,27,4,1380.00201,1440.00101,bored,bored,0.3837258283476974,0.6162741716523026
1,27,4,1410.00201,1470.00101,bored,bored,0.4032159892991071,0.5967840107008928
1,27,4,1440.00201,1500.00101,bored,bored,0.39292590286950907,0.6070740971304909
1,27,4,1470.00201,1530.00101,bored,bored,0.3824447284861725,0.6175552715138275
1,27,2,1620.00201,1680.00101,amused,amused,0.6162640582099228,0.3837359417900773
1,27,2,1650.00201,1710.00101,amused,amused,0.7039379555337126,0.2960620444662873
1,27,2,1680.00201,1740.00101,amused,amused,0.7528891375316555,0.24711086246834424
1,27,2,1710.00201,1770.00101,amused,amused,0.7594141184132538,0.24058588158674624
1,27,2,1740.00201,1800.00101,amused,amused,0.8118205801027674,0.18817941989723258
1,27,2,1770.00201,1830.00101,amused,amused,0.8280116635980985,0.1719883364019016
1,28,2,750.00301,810.00201,amused,amused,0.6685582625138836,0.3314417374861162
1,28,2,780.00301,840.00201,amused,amused,0.7228993250895569,0.2771006749104431
1,28,2,810.00301,870.00201,amused,amused,0.729118994689281,0.27088100531071907
1,28,2,840.00301,900.00201,amused,amused,0.6801480304045003,0.31985196959549983
1,28,2,870.00301,930.00201,amused,amused,0.6891063427095981,0.3108936572904016
1,28,4,1020.00301,1080.00201,bored,amused,0.5911925696044847,0.40880743039551537
1,28,4,1050.00301,1110.00201,bored,bored,0.3329666996302608,0.6670333003697393
1,28,4,1080.00301,1140.00201,bored,bored,0.2482240694063078,0.7517759305936922
1,28,4,1110.00301,1170.00201,bored,amused,0.5235027750641542,0.47649722493584584
1,28,4,1140.00301,1200.00201,bored,bored,0.29068059009771013,0.7093194099022897
1,28,4,1170.00301,1230.00201,bored,amused,0.5359072542852032,0.4640927457147967
1,28,3,1590.00301,1650.00201,bored,amused,0.6207897785926834,0.3792102214073168
1,28,3,1620.00301,1680.00201,bored,amused,0.5973757329725733,0.4026242670274269
1,28,3,1650.00301,1710.00201,bored,bored,0.29185174628440114,0.7081482537155986
1,28,1,2130.00301,2190.00201,amused,amused,0.6691524253478057,0.33084757465219433
1,28,1,2160.00301,2220.00201,amused,bored,0.4138769858976676,0.5861230141023325
1,28,1,2190.00301,2250.00201,amused,bored,0.3314256527775988,0.6685743472224012
1,28,1,2220.00301,2280.00201,amused,bored,0.44552232135597564,0.5544776786440243
1,28,1,2250.00301,2310.00201,amused,bored,0.425578117495472,0.5744218825045281
1,28,1,2280.00301,2340.00201,amused,amused,0.5900849721793794,0.40991502782062056
1,29,1,210.00201,270.00101,amused,amused,0.5758021830026455,0.4241978169973544
1,29,1,240.00201,300.00101,amused,bored,0.4796715827967805,0.5203284172032194
1,29,1,270.00201,330.00101,amused,amused,0.7667688518161668,0.23323114818383314
1,29,1,300.00201,360.00101,amused,amused,0.7943277723503493,0.20567222764965074
1,29,1,330.00201,390.00101,amused,amused,0.8338088195498093,0.1661911804501906
1,29,1,360.00201,420.00101,amused,amused,0.7864842628480377,0.21351573715196218
1,29,3,510.00201,570.0010100000001,bored,amused,0.6799731829330505,0.3200268170669496
1,29,3,540.00201,600.0010100000001,bored,amused,0.5403438610677272,0.4596561389322726
1,29,3,570.00201,630.0010100000001,bored,amused,0.6191032882175168,0.38089671178248324
1,29,3,600.00201,660.0010100000001,bored,bored,0.38156708328399697,0.6184329167160032
1,29,4,1320.00201,1380.00101,bored,bored,0.3212576977841596,0.6787423022158403
1,29,4,1350.00201,1410.00101,bored,bored,0.2993101029179914,0.7006898970820085
1,29,4,1380.00201,1440.00101,bored,bored,0.3046103803022768,0.6953896196977232
1,29,4,1410.00201,1470.00101,bored,bored,0.31048997606244827,0.6895100239375516
1,29,4,1440.00201,1500.00101,bored,bored,0.30667666250610676,0.6933233374938931
1,29,4,1470.00201,1530.00101,bored,amused,0.6762850411576848,0.32371495884231544
1,29,2,1890.00201,1950.00101,amused,bored,0.4312517498651096,0.5687482501348904
1,29,2,1920.00201,1980.00101,amused,amused,0.676815526698955,0.3231844733010448
1,29,2,1950.00201,2010.00101,amused,amused,0.6582817387700658,0.3417182612299343
1,29,2,1980.00201,2040.00101,amused,amused,0.8312974986048637,0.168702501395136
1,29,2,2010.00201,2070.00101,amused,amused,0.8692745475645869,0.13072545243541314
2,8,3,210.00301,270.00201,bored,amused,0.5261053220694853,0.4738946779305146
2,8,3,240.00301,300.00201,bored,amused,0.5139448043995594,0.4860551956004406
2,8,3,270.00301,330.00201,bored,bored,0.45979597368391006,0.54020402631609
2,8,3,300.00301,360.00201,bored,bored,0.4921210955959077,0.5078789044040923
2,8,1,720.00301,780.00201,amused,amused,0.752498385923568,0.2475016140764322
2,8,1,750.00301,810.00201,amused,amused,0.8483370486560434,0.15166295134395655
2,8,1,780.00301,840.00201,amused,amused,0.7997037184709755,0.20029628152902462
2,8,1,810.00301,870.00201,amused,amused,0.8391332627451377,0.16086673725486236
2,8,1,840.00301,900.00201,amused,amused,0.7645630838790458,0.2354369161209541
2,8,1,870.00301,930.00201,amused,amused,0.7626450223122885,0.23735497768771194
2,8,4,1320.00301,1380.00201,bored,amused,0.5368076089757589,0.46319239102424115
2,8,4,1350.00301,1410.00201,bored,amused,0.6266292399077472,0.3733707600922529
2,8,4,1380.00301,1440.00201,bored,amused,0.606682648557306,0.39331735144269386
2,8,4,1410.00301,1470.00201,bored,amused,0.5640440847243858,0.43595591527561406
2,8,4,1440.00301,1500.00201,bored,amused,0.5037270935749913,0.49627290642500865
2,8,4,1470.00301,1530.00201,bored,amused,0.5214010322095234,0.4785989677904766
2,8,2,1620.00301,1680.00201,amused,amused,0.6341816643626756,0.36581833563732424
2,8,2,1650.00301,1710.00201,amused,amused,0.7540613182774467,0.24593868172255318
2,8,2,1680.00301,1740.00201,amused,amused,0.7459560504246607,0.2540439495753396
2,8,2,1710.00301,1770.00201,amused,amused,0.8382578715188015,0.16174212848119876
2,8,2,1740.00301,1800.00201,amused,amused,0.8446745732562897,0.15532542674371044
2,8,2,1770.00301,1830.00201,amused,amused,0.7953540742339454,0.20464592576605464
2,9,2,210.00201,270.00101,amused,bored,0.36892935842209384,0.631070641577906
2,9,2,240.00201,300.00101,amused,bored,0.307552923529973,0.6924470764700268
2,9,2,270.00201,330.00101,amused,bored,0.3273531676951794,0.6726468323048205
2,9,2,300.00201,360.00101,amused,amused,0.7371725922523262,0.2628274077476735
2,9,2,330.00201,390.00101,amused,amused,0.8016015821956789,0.1983984178043211
2,9,2,360.00201,420.00101,amused,amused,0.7060067160871896,0.2939932839128104
2,9,4,510.00201,570.0010100000001,bored,bored,0.32240704869063264,0.6775929513093674
2,9,4,540.00201,600.0010100000001,bored,bored,0.21205222691416828,0.7879477730858317
2,9,4,570.00201,630.0010100000001,bored,bored,0.2729224161576602,0.7270775838423398
2,9,4,600.00201,660.0010100000001,bored,bored,0.34306188393985537,0.6569381160601446
2,9,4,630.00201,690.0010100000001,bored,bored,0.2708908527711404,0.7291091472288598
2,9,3,1320.00201,1380.00101,bored,amused,0.5005891962863737,0.4994108037136264
2,9,3,1350.00201,1410.00101,bored,bored,0.25839526334239615,0.741604736657604
2,9,3,1380.00201,1440.00101,bored,bored,0.25017873044539174,0.7498212695546083
2,9,3,1410.00201,1470.00101,bored,bored,0.24926541944208416,0.7507345805579161
2,9,1,1800.00201,1860.00101,amused,bored,0.4538646353433694,0.5461353646566306
2,9,1,1830.00201,1890.00101,amused,bored,0.3745492876825429,0.6254507123174572
2,9,1,1860.00201,1920.00101,amused,bored,0.2923221018202635,0.7076778981797365
2,9,1,1890.00201,1950.00101,amused,bored,0.37660003100748385,0.623399968992516
2,9,1,1920.00201,1980.00101,amused,amused,0.5734759435930333,0.4265240564069667
2,9,1,1950.00201,2010.00101,amused,amused,0.7286383760903226,0.27136162390967733
2,9,1,1980.00201,2040.00101,amused,amused,0.6092115405240328,0.3907884594759672
2,12,4,210.002,270.001,bored,bored,0.3962987323683658,0.6037012676316342
2,12,4,240.002,300.001,bored,bored,0.30108125689578374,0.6989187431042163
2,12,4,270.002,330.001,bored,bored,0.28871279550124895,0.711287204498751
2,12,4,300.002,360.001,bored,bored,0.2225662199191859,0.7774337800808141
2,12,4,330.002,390.001,bored,bored,0.24381139454847986,0.7561886054515202
2,12,2,480.002,540.001,amused,bored,0.44893987678071895,0.5510601232192811
2,12,2,510.002,570.001,amused,bored,0.31270774894901954,0.6872922510509804
2,12,2,540.002,600.001,amused,bored,0.43554590767116075,0.5644540923288394
2,12,2,570.002,630.001,amused,amused,0.7095892401451458,0.29041075985485415
2,12,2,600.002,660.001,amused,amused,0.8745425579180852,0.12545744208191473
2,12,2,630.002,690.001,amused,amused,0.7563310960240461,0.2436689039759541
2,12,3,1590.002,1650.001,bored,bored,0.3385565846996883,0.6614434153003117
2,12,3,1620.002,1680.001,bored,bored,0.36776401173133677,0.6322359882686635
2,12,3,1650.002,1710.001,bored,bored,0.34369026562362415,0.6563097343763761
2,12,1,2130.002,2190.001,amused,amused,0.5417728291671138,0.45822717083288617
2,12,1,2160.002,2220.001,amused,bored,0.43684654335028195,0.563153456649718
2,12,1,2190.002,2250.001,amused,bored,0.4964281375083717,0.5035718624916283
2,12,1,2220.002,2280.001,amused,bored,0.4980402103069915,0.5019597896930085
2,12,1,2250.002,2310.001,amused,amused,0.5212680485824182,0.4787319514175819
2,12,1,2280.002,2340.001,amused,amused,0.6561124551732346,0.34388754482676526
2,14,2,210.00201,270.00101,amused,amused,0.6334391569686316,0.36656084303136816
2,14,2,240.00201,300.00101,amused,amused,0.7281222106941518,0.271877789305848
2,14,2,270.00201,330.00101,amused,amused,0.6804263673016222,0.31957363269837785
2,14,2,300.00201,360.00101,amused,amused,0.7162441006560705,0.2837558993439294
2,14,2,330.00201,390.00101,amused,amused,0.8172824588944109,0.1827175411055892
2,14,2,360.00201,420.00101,amused,amused,0.720319147770673,0.2796808522293271
2,14,4,510.00201,570.0010100000001,bored,amused,0.7438869232296718,0.25611307677032835
2,14,4,540.00201,600.0010100000001,bored,amused,0.5774104023053401,0.42258959769465987
2,14,4,570.00201,630.0010100000001,bored,bored,0.4756318989168055,0.5243681010831945
2,14,4,600.00201,660.0010100000001,bored,amused,0.516153879667048,0.483846120332952
2,14,4,630.00201,690.0010100000001,bored,amused,0.7562615903021793,0.24373840969782073
2,14,1,1620.00201,1680.00101,amused,bored,0.47616339069298524,0.5238366093070147
2,14,1,1650.00201,1710.00101,amused,amused,0.5681038927969978,0.4318961072030023
2,14,1,1680.00201,1740.00101,amused,amused,0.6189921889023868,0.38100781109761317
2,14,1,1710.00201,1770.00101,amused,amused,0.6474002319705743,0.35259976802942583
2,14,1,1740.00201,1800.00101,amused,amused,0.7718221420900487,0.22817785790995126
2,14,1,1770.00201,1830.00101,amused,amused,0.8265657382310139,0.1734342617689862
2,14,3,1920.00201,1980.00101,bored,bored,0.32838317709851705,0.6716168229014827
2,14,3,1950.00201,2010.00101,bored,bored,0.2957131742349992,0.7042868257650007
2,14,3,1980.00201,2040.00101,bored,bored,0.4430915389360321,0.5569084610639679
2,14,3,2010.00201,2070.00101,bored,bored,0.39773688279128533,0.6022631172087148
2,23,1,510.00001,569.99901,amused,bored,0.49643474135391746,0.5035652586460825
2,23,1,540.00001,599.99901,amused,amused,0.5054605616594327,0.49453943834056735
2,23,1,570.00001,629.99901,amused,amused,0.5002995046017076,0.4997004953982924
2,23,1,600.00001,659.99901,amused,bored,0.4730434547097444,0.5269565452902556
2,23,1,630.00001,689.99901,amused,amused,0.6330756720652506,0.3669243279347492
2,23,1,660.00001,719.99901,amused,amused,0.5847002704611406,0.41529972953885946
2,23,1,690.00001,749.99901,amused,amused,0.6207422084176006,0.37925779158239925
2,23,3,840.00001,899.99901,bored,amused,0.5375989098010396,0.4624010901989603
2,23,3,870.00001,929.99901,bored,bored,0.3830253695167339,0.6169746304832663
2,23,3,900.00001,959.99901,bored,bored,0.38910075812172834,0.6108992418782717
2,23,3,930.00001,989.99901,bored,bored,0.38083362087874223,0.6191663791212578
2,23,4,1860.00001,1919.99901,bored,amused,0.6156494617689744,0.38435053823102566
2,23,4,1890.00001,1949.99901,bored,amused,0.6352114848365232,0.36478851516347666
2,23,4,1920.00001,1979.99901,bored,bored,0.46305884958020066,0.5369411504197995
2,23,4,1950.00001,2009.99901,bored,amused,0.5153672269294399,0.4846327730705602
2,23,4,1980.00001,2039.99901,bored,amused,0.5341575378741031,0.4658424621258968
2,23,2,2130.00001,2189.99901,amused,bored,0.41234144170703046,0.5876585582929696
2,23,2,2160.00001,2219.99901,amused,bored,0.4671759400223596,0.5328240599776403
2,23,2,2190.00001,2249.99901,amused,amused,0.5250795241363444,0.4749204758636556
2,23,2,2220.00001,2279.99901,amused,amused,0.6089082600628931,0.39109173993710683
2,23,2,2250.00001,2309.99901,amused,amused,0.707877191400952,0.29212280859904793
2,23,2,2280.00001,2339.99901,amused,amused,0.5179710997348695,0.48202890026513046
2,26,4,750.00001,809.99901,bored,amused,0.6203589294023775,0.3796410705976224
2,26,4,780.00001,839.99901,bored,amused,0.5536738714433329,0.4463261285566669
2,26,4,810.00001,869.99901,bored,bored,0.4389706590931823,0.5610293409068177
2,26,4,840.00001,899.99901,bored,bored,0.4444010750967029,0.5555989249032971
2,26,4,870.00001,929.99901,bored,bored,0.42458716320662826,0.5754128367933717
2,26,2,1020.00001,1079.99901,amused,amused,0.5250487326532477,0.4749512673467522
2,26,2,1050.00001,1109.99901,amused,amused,0.526995708521932,0.4730042914780679
2,26,2,1080.00001,1139.99901,amused,amused,0.8529338352822354,0.14706616471776496
2,26,2,1110.00001,1169.99901,amused,amused,0.7972441226677434,0.20275587733225678
2,26,2,1140.00001,1199.99901,amused,amused,0.7464749295393939,0.2535250704606061
2,26,2,1170.00001,1229.99901,amused,amused,0.8189619109406092,0.18103808905939078
2,26,3,1320.00001,1379.99901,bored,amused,0.6263539541167025,0.37364604588329753
2,26,3,1350.00001,1409.99901,bored,amused,0.618209653305065,0.38179034669493467
2,26,3,1380.00001,1439.99901,bored,amused,0.6297981149434381,0.37020188505656193
2,26,3,1410.00001,1469.99901,bored,bored,0.4005018251987429,0.5994981748012571
2,26,1,2130.00001,2189.99901,amused,amused,0.8255435792047744,0.1744564207952254
2,26,1,2160.00001,2219.99901,amused,amused,0.7459541457570243,0.2540458542429756
2,26,1,2190.00001,2249.99901,amused,amused,0.7213735340138857,0.278626465986114
2,26,1,2220.00001,2279.99901,amused,amused,0.8201765900621164,0.1798234099378835
2,26,1,2250.00001,2309.99901,amused,amused,0.8174244323653174,0.1825755676346824
2,26,1,2280.00001,2339.99901,amused,amused,0.8632895848565343,0.13671041514346557
3,7,3,480.00101,540.00001,bored,amused,0.7209746831340766,0.2790253168659234
3,7,3,510.00101,570.00001,bored,amused,0.6877585950339852,0.31224140496601455
3,7,3,540.0010100000001,600.00001,bored,amused,0.7776954005855269,0.2223045994144731
3,7,3,570.0010100000001,630.00001,bored,amused,0.834687385110222,0.1653126148897781
3,7,1,1020.00101,1080.00001,amused,amused,0.7676729128255411,0.2323270871744589
3,7,1,1050.00101,1110.00001,amused,amused,0.8080733920207942,0.19192660797920585
3,7,1,1080.00101,1140.00001,amused,amused,0.7486118862936837,0.2513881137063165
3,7,1,1110.00101,1170.00001,amused,amused,0.6560684664519055,0.34393153354809447
3,7,1,1140.00101,1200.00001,amused,amused,0.7655169074924377,0.23448309250756225
3,7,1,1170.00101,1230.00001,amused,amused,0.7835015317929682,0.21649846820703167
3,7,4,1320.00101,1380.00001,bored,amused,0.7417348632173983,0.2582651367826018
3,7,4,1350.00101,1410.00001,bored,amused,0.7072119870369609,0.2927880129630393
3,7,4,1380.00101,1440.00001,bored,amused,0.5160647195619523,0.4839352804380476
3,7,4,1410.00101,1470.00001,bored,bored,0.4869791628817435,0.5130208371182565
3,7,4,1440.00101,1500.00001,bored,bored,0.45773390548115356,0.5422660945188463
3,7,4,1470.00101,1530.00001,bored,amused,0.6986001481866424,0.30139985181335727
3,7,2,1620.00101,1680.00001,amused,amused,0.6041171246290047,0.39588287537099537
3,7,2,1650.00101,1710.00001,amused,amused,0.6480237782961399,0.3519762217038601
3,7,2,1680.00101,1740.00001,amused,amused,0.6955561189970844,0.30444388100291575
3,7,2,1710.00101,1770.00001,amused,amused,0.863020366145328,0.13697963385467218
3,7,2,1740.00101,1800.00001,amused,amused,0.9449260721272985,0.05507392787270159
3,7,2,1770.00101,1830.00001,amused,amused,0.8312947471474048,0.16870525285259524
3,13,3,480.00101,540.00001,bored,amused,0.500040801564389,0.49995919843561104
3,13,3,510.00101,570.00001,bored,bored,0.3523147846477554,0.6476852153522445
3,13,3,540.0010100000001,600.00001,bored,bored,0.2883891113550616,0.7116108886449384
3,13,3,570.0010100000001,630.00001,bored,amused,0.5195832785134739,0.48041672148652625
3,13,1,1020.00101,1080.00001,amused,amused,0.7399614805876271,0.26003851941237316
3,13,1,1050.00101,1110.00001,amused,amused,0.7632718646666639,0.23672813533333625
3,13,1,1080.00101,1140.00001,amused,amused,0.6725900124072757,0.32740998759272444
3,13,1,1110.00101,1170.00001,amused,amused,0.7880156953648916,0.21198430463510864
3,13,1,1140.00101,1200.00001,amused,amused,0.822699202695034,0.1773007973049662
3,13,1,1170.00101,1230.00001,amused,amused,0.9152901013918242,0.08470989860817596
3,13,2,1590.00101,1650.00001,amused,amused,0.6211266333191118,0.3788733666808883
3,13,2,1620.00101,1680.00001,amused,amused,0.8223813935229677,0.17761860647703245
3,13,2,1650.00101,1710.00001,amused,amused,0.7287838276532078,0.2712161723467924
3,13,2,1680.00101,1740.00001,amused,amused,0.9124258383640096,0.08757416163599047
3,13,2,1710.00101,1770.00001,amused,amused,0.8720553987730058,0.12794460122699433
3,13,2,1740.00101,1800.00001,amused,amused,0.8319375901014944,0.16806240989850546
3,13,4,1890.00101,1950.00001,bored,bored,0.24454197393453034,0.7554580260654695
3,13,4,1920.00101,1980.00001,bored,bored,0.27061511703347596,0.7293848829665238
3,13,4,1950.00101,2010.00001,bored,bored,0.17697788624824784,0.8230221137517522
3,13,4,1980.00101,2040.00001,bored,bored,0.15479858441832145,0.8452014155816785
3,13,4,2010.00101,2070.00001,bored,bored,0.20121548002862322,0.7987845199713766
3,17,3,780.001,840.0,bored,bored,0.380432293587232,0.6195677064127679
3,17,3,810.001,870.0,bored,bored,0.4615590640726519,0.5384409359273481
3,17,3,840.001,900.0,bored,bored,0.3946069977807802,0.60539300221922
3,17,3,870.001,930.0,bored,bored,0.4509092077392724,0.5490907922607277
3,17,1,1020.001,1080.0,amused,amused,0.580814859891149,0.419185140108851
3,17,1,1050.001,1110.0,amused,amused,0.5368517550745655,0.46314824492543444
3,17,1,1080.001,1140.0,amused,amused,0.5176498788016564,0.4823501211983436
3,17,1,1110.001,1170.0,amused,amused,0.5787288328571653,0.4212711671428347
3,17,1,1140.001,1200.0,amused,amused,0.6649935877350068,0.3350064122649929
3,17,1,1170.001,1230.0,amused,amused,0.6569689127955448,0.3430310872044551
3,17,4,1860.001,1920.0,bored,amused,0.6392367322983699,0.36076326770163014
3,17,4,1890.001,1950.0,bored,amused,0.628516518674634,0.371483481325366
3,17,4,1920.001,1980.0,bored,amused,0.6387240383358165,0.3612759616641834
3,17,4,1950.001,2010.0,bored,amused,0.5784688996831092,0.42153110031689084
3,17,4,1980.001,2040.0,bored,amused,0.588321443450721,0.41167855654927904
3,17,2,2130.001,2190.0,amused,bored,0.4800322287855681,0.5199677712144319
3,17,2,2160.001,2220.0,amused,bored,0.46497593881726473,0.5350240611827352
3,17,2,2190.001,2250.0,amused,bored,0.47625141714746533,0.5237485828525348
3,17,2,2220.001,2280.0,amused,amused,0.647882707633805,0.35211729236619504
3,17,2,2250.001,2310.0,amused,amused,0.7326070910053997,0.26739290899460033
3,17,2,2280.001,2340.0,amused,amused,0.7271565819982859,0.27284341800171374
3,19,3,210.00101,270.00001000000003,bored,bored,0.3375629204135291,0.662437079586471
3,19,3,240.00101,300.00001000000003,bored,bored,0.3443077792122893,0.6556922207877109
3,19,3,270.00101,330.00001000000003,bored,amused,0.5190661046454104,0.48093389535458975
3,19,3,300.00101,360.00001000000003,bored,bored,0.46388114986096446,0.5361188501390355
3,19,1,450.00101,510.00001,amused,amused,0.5574390749307336,0.4425609250692666
3,19,1,480.00101,540.00001,amused,bored,0.4073731460813427,0.5926268539186573
3,19,1,510.00101,570.00001,amused,bored,0.4966609491804861,0.5033390508195139
3,19,1,540.0010100000001,600.00001,amused,amused,0.6589656786630864,0.34103432133691336
3,19,1,570.0010100000001,630.00001,amused,amused,0.7893168201001031,0.21068317989989693
3,19,1,600.0010100000001,660.00001,amused,amused,0.7806844978789877,0.2193155021210121
3,19,4,1320.00101,1380.00001,bored,amused,0.5206163918419047,0.4793836081580954
3,19,4,1350.00101,1410.00001,bored,bored,0.4627963065608472,0.5372036934391529
3,19,4,1380.00101,1440.00001,bored,amused,0.5038054866507837,0.49619451334921627
3,19,4,1410.00101,1470.00001,bored,bored,0.4004870253889004,0.5995129746110996
3,19,4,1440.00101,1500.00001,bored,bored,0.4286576198506316,0.5713423801493686
3,19,4,1470.00101,1530.00001,bored,bored,0.48664389611034153,0.5133561038896586
3,19,2,1620.00101,1680.00001,amused,amused,0.5302661986476938,0.46973380135230625
3,19,2,1650.00101,1710.00001,amused,amused,0.7184887840938708,0.2815112159061291
3,19,2,1680.00101,1740.00001,amused,amused,0.7679316660565982,0.2320683339434018
3,19,2,1710.00101,1770.00001,amused,amused,0.8331439993425738,0.16685600065742634
3,19,2,1740.00101,1800.00001,amused,amused,0.9075341862377448,0.09246581376225527
3,19,2,1770.00101,1830.00001,amused,amused,0.839905802546085,0.1600941974539149
3,21,1,210.00101,270.00001000000003,amused,amused,0.5013963976998013,0.4986036023001988
3,21,1,240.00101,300.00001000000003,amused,bored,0.4631979475181906,0.5368020524818096
3,21,1,270.00101,330.00001000000003,amused,amused,0.5097491825139141,0.49025081748608584
3,21,1,300.00101,360.00001000000003,amused,bored,0.4776045713344635,0.5223954286655366
3,21,1,330.00101,390.00001,amused,amused,0.5552751745856291,0.44472482541437075
3,21,1,360.00101,420.00001,amused,amused,0.7086987981367798,0.29130120186322
3,21,3,780.0010100000001,840.00001,bored,bored,0.4858077779453239,0.5141922220546761
3,21,3,810.0010100000001,870.00001,bored,bored,0.49464542761853325,0.5053545723814667
3,21,3,840.0010100000001,900.00001,bored,bored,0.49613232746709107,0.5038676725329089
3,21,3,870.0010100000001,930.00001,bored,amused,0.7171660305892984,0.2828339694107019
3,21,4,1590.00101,1650.00001,bored,bored,0.42300951089383027,0.5769904891061697
3,21,4,1620.00101,1680.00001,bored,bored,0.4476144468754468,0.5523855531245531
3,21,4,1650.00101,1710.00001,bored,bored,0.3869842210474798,0.6130157789525204
3,21,4,1680.00101,1740.00001,bored,bored,0.41489462386480996,0.58510537613519
3,21,4,1710.00101,1770.00001,bored,bored,0.39965016768372424,0.6003498323162758
3,21,4,1740.00101,1800.00001,bored,amused,0.5617297899618339,0.4382702100381662
3,21,2,1890.00101,1950.00001,amused,amused,0.5400084405331887,0.45999155946681136
3,21,2,1920.00101,1980.00001,amused,amused,0.5371562585298296,0.4628437414701704
3,21,2,1950.00101,2010.00001,amused,bored,0.4396138299814001,0.5603861700185999
3,21,2,1980.00101,2040.00001,amused,amused,0.6148870774259271,0.3851129225740729
3,21,2,2010.00101,2070.00001,amused,amused,0.7321522196692299,0.2678477803307703
3,25,1,210.00101,270.00001000000003,amused,amused,0.5946854905704503,0.4053145094295496
3,25,1,240.00101,300.00001000000003,amused,amused,0.5329571592734709,0.467042840726529
3,25,1,270.00101,330.00001000000003,amused,amused,0.5988740127654885,0.4011259872345115
3,25,1,300.00101,360.00001000000003,amused,amused,0.5416581711642366,0.4583418288357633
3,25,1,330.00101,390.00001,amused,amused,0.6125379143680683,0.38746208563193163
3,25,1,360.00101,420.00001,amused,amused,0.703828864705312,0.29617113529468814
3,25,3,1080.00101,1140.00001,bored,amused,0.5600087053076891,0.4399912946923109
3,25,3,1110.00101,1170.00001,bored,amused,0.5222958977140387,0.4777041022859613
3,25,3,1140.00101,1200.00001,bored,bored,0.48896780380414234,0.5110321961958576
3,25,3,1170.00101,1230.00001,bored,amused,0.524727466007178,0.47527253399282204
3,25,2,1320.00101,1380.00001,amused,amused,0.7144011949201864,0.28559880507981344
3,25,2,1350.00101,1410.00001,amused,amused,0.7273288034523643,0.27267119654763566
3,25,2,1380.00101,1440.00001,amused,amused,0.8144708651614876,0.1855291348385129
3,25,2,1410.00101,1470.00001,amused,amused,0.8940572697645708,0.10594273023542908
3,25,2,1440.00101,1500.00001,amused,amused,0.8768780606978165,0.12312193930218371
3,25,2,1470.00101,1530.00001,amused,amused,0.9053254252288283,0.09467457477117179
3,25,4,2160.00101,2220.00001,bored,amused,0.679467578813499,0.3205324211865011
3,25,4,2190.00101,2250.00001,bored,amused,0.576168833789138,0.423831166210862
3,25,4,2220.00101,2280.00001,bored,bored,0.4407541363539525,0.5592458636460477
3,25,4,2250.00101,2310.00001,bored,amused,0.5755176128073951,0.4244823871926049
3,25,4,2280.00101,2340.00001,bored,amused,0.6254046886248673,0.3745953113751326
4,1,3,210.00001,269.99901,bored,amused,0.6783010335927474,0.32169896640725243
4,1,3,240.00001,299.99901,bored,amused,0.6543188013584118,0.3456811986415882
4,1,3,270.00001000000003,329.99901,bored,amused,0.6171698923496851,0.3828301076503147
4,1,3,300.00001000000003,359.99901,bored,amused,0.6008740226770156,0.3991259773229844
4,1,1,450.00001,509.99901,amused,amused,0.6581667836051088,0.34183321639489117
4,1,1,480.00001,539.99901,amused,amused,0.6909335583734355,0.3090664416265644
4,1,1,510.00001,569.99901,amused,amused,0.6623545463291879,0.33764545367081206
4,1,1,540.00001,599.99901,amused,amused,0.615101862787166,0.38489813721283384
4,1,1,570.00001,629.99901,amused,amused,0.6683157867217235,0.3316842132782766
4,1,1,600.00001,659.99901,amused,amused,0.5880425038717745,0.41195749612822546
4,1,4,1320.00001,1379.99901,bored,bored,0.4407833466964402,0.5592166533035597
4,1,4,1350.00001,1409.99901,bored,bored,0.48024247438567175,0.5197575256143283
4,1,4,1380.00001,1439.99901,bored,bored,0.41919509040309566,0.5808049095969043
4,1,4,1410.00001,1469.99901,bored,bored,0.460447822099645,0.539552177900355
4,1,4,1440.00001,1499.99901,bored,bored,0.4984319591639633,0.5015680408360366
4,1,4,1470.00001,1529.99901,bored,amused,0.5024877093970407,0.4975122906029593
4,1,2,1620.00001,1679.99901,amused,amused,0.5698176623602049,0.4301823376397951
4,1,2,1650.00001,1709.99901,amused,amused,0.522956140968407,0.4770438590315931
4,1,2,1680.00001,1739.99901,amused,bored,0.4878603906896836,0.5121396093103163
4,1,2,1710.00001,1769.99901,amused,amused,0.5490777995605837,0.4509222004394164
4,1,2,1740.00001,1799.99901,amused,amused,0.685142418886923,0.31485758111307727
4,1,2,1770.00001,1829.99901,amused,amused,0.6045190097230698,0.3954809902769301
4,2,2,210.00101,270.00001000000003,amused,amused,0.6692637593989997,0.3307362406010001
4,2,2,240.00101,300.00001000000003,amused,amused,0.6232114343380352,0.376788565661965
4,2,2,270.00101,330.00001000000003,amused,amused,0.6319098858245741,0.368090114175426
4,2,2,300.00101,360.00001000000003,amused,amused,0.7225517897459336,0.27744821025406685
4,2,2,330.00101,390.00001,amused,amused,0.6252315072549126,0.3747684927450875
4,2,2,360.00101,420.00001,amused,amused,0.57812044665735,0.42187955334265004
4,2,4,780.0010100000001,840.00001,bored,amused,0.6249528799597146,0.37504712004028556
4,2,4,810.0010100000001,870.00001,bored,amused,0.5073062382481638,0.4926937617518363
4,2,4,840.0010100000001,900.00001,bored,bored,0.4891273170744306,0.5108726829255694
4,2,4,870.0010100000001,930.00001,bored,bored,0.4643620621130556,0.5356379378869445
4,2,4,900.0010100000001,960.00001,bored,amused,0.5569231698481777,0.44307683015182225
4,2,1,1320.00101,1380.00001,amused,amused,0.7311036385431708,0.26889636145682905
4,2,1,1350.00101,1410.00001,amused,amused,0.5549589130980357,0.44504108690196453
4,2,1,1380.00101,1440.00001,amused,amused,0.5869702321523341,0.41302976784766593
4,2,1,1410.00101,1470.00001,amused,amused,0.6101158619527487,0.3898841380472512
4,2,1,1440.00101,1500.00001,amused,amused,0.7331484963747205,0.2668515036252794
4,2,1,1470.00101,1530.00001,amused,amused,0.7878463288595209,0.21215367114047917
4,2,3,1620.00101,1680.00001,bored,amused,0.7496100936125218,0.2503899063874782
4,2,3,1650.00101,1710.00001,bored,amused,0.5190307400977319,0.48096925990226813
4,2,3,1680.00101,1740.00001,bored,bored,0.45872815271661305,0.541271847283387
4,2,3,1710.00101,1770.00001,bored,bored,0.4958972870847578,0.5041027129152424
4,16,2,210.00301,270.00201,amused,bored,0.23254090111172832,0.7674590988882717
4,16,2,240.00301,300.00201,amused,bored,0.43892184054665434,0.5610781594533455
4,16,2,270.00301,330.00201,amused,bored,0.35272321245738136,0.6472767875426189
4,16,2,300.00301,360.00201,amused,bored,0.47283481395986615,0.527165186040134
4,16,2,330.00301,390.00201,amused,amused,0.7572232447279802,0.24277675527201964
4,16,2,360.00301,420.00201,amused,amused,0.6635738708540238,0.3364261291459758
4,16,4,780.00301,840.00201,bored,amused,0.6039739287997151,0.39602607120028516
4,16,4,810.00301,870.00201,bored,amused,0.5353317017759565,0.46466829822404354
4,16,4,840.00301,900.00201,bored,amused,0.5914896401700023,0.4085103598299976
4,16,4,870.00301,930.00201,bored,bored,0.4538945364755677,0.5461054635244322
4,16,4,900.00301,960.00201,bored,bored,0.44976971612779265,0.5502302838722075
4,16,3,1320.00301,1380.00201,bored,bored,0.28718495488006246,0.7128150451199373
4,16,3,1350.00301,1410.00201,bored,bored,0.3040714126152599,0.6959285873847401
4,16,3,1380.00301,1440.00201,bored,bored,0.30357729127578836,0.6964227087242117
4,16,3,1410.00301,1470.00201,bored,bored,0.36779904595994717,0.6322009540400527
4,16,1,1560.00301,1620.00201,amused,amused,0.6611783651432472,0.33882163485675265
4,16,1,1590.00301,1650.00201,amused,amused,0.5353094740351247,0.4646905259648751
4,16,1,1620.00301,1680.00201,amused,amused,0.5702844749407383,0.42971552505926175
4,16,1,1650.00301,1710.00201,amused,amused,0.5464690534002038,0.4535309465997963
4,16,1,1680.00301,1740.00201,amused,amused,0.7940836444649141,0.2059163555350857
4,16,1,1710.00301,1770.00201,amused,amused,0.6553569396655977,0.3446430603344022
4,18,2,210.00101,270.00001000000003,amused,amused,0.5433567908216248,0.45664320917837514
4,18,2,240.00101,300.00001000000003,amused,bored,0.30481489276364665,0.6951851072363533
4,18,2,270.00101,330.00001000000003,amused,bored,0.2449021006074945,0.7550978993925057
4,18,2,300.00101,360.00001000000003,amused,bored,0.4612430913291735,0.5387569086708265
4,18,2,330.00101,390.00001,amused,amused,0.5611342607491171,0.438865739250883
4,18,2,360.00101,420.00001,amused,amused,0.5837683941169515,0.41623160588304875
4,18,4,750.0010100000001,810.00001,bored,bored,0.30558343829307427,0.6944165617069257
4,18,4,780.0010100000001,840.00001,bored,bored,0.3190217935789547,0.6809782064210453
4,18,4,810.0010100000001,870.00001,bored,bored,0.3232563537646322,0.676743646235368
4,18,4,840.0010100000001,900.00001,bored,bored,0.37598944931589073,0.6240105506841092
4,18,4,870.0010100000001,930.00001,bored,bored,0.3401981477058246,0.6598018522941751
4,18,4,900.0010100000001,960.00001,bored,amused,0.6030962684436918,0.39690373155630804
4,18,1,1320.00101,1380.00001,amused,amused,0.6999968289793876,0.3000031710206121
4,18,1,1350.00101,1410.00001,amused,amused,0.6145639592714649,0.385436040728535
4,18,1,1380.00101,1440.00001,amused,amused,0.5359886215343198,0.46401137846568025
4,18,1,1410.00101,1470.00001,amused,bored,0.4752346470563788,0.5247653529436213
4,18,1,1440.00101,1500.00001,amused,amused,0.5941620339545789,0.405837966045421
4,18,1,1470.00101,1530.00001,amused,amused,0.7369093967025634,0.2630906032974365
4,18,3,1620.00101,1680.00001,bored,bored,0.3757197674115221,0.624280232588478
4,18,3,1650.00101,1710.00001,bored,bored,0.35806656597639935,0.6419334340236008
4,18,3,1680.00101,1740.00001,bored,bored,0.3686431609042944,0.6313568390957058
4,18,3,1710.00101,1770.00001,bored,bored,0.4457719370331713,0.5542280629668288
4,24,4,750.0010100000001,810.00001,bored,amused,0.5119957892784748,0.4880042107215252
4,24,4,780.0010100000001,840.00001,bored,bored,0.4825817937834813,0.5174182062165186
4,24,4,810.0010100000001,870.00001,bored,bored,0.43169427803690547,0.5683057219630947
4,24,4,840.0010100000001,900.00001,bored,bored,0.4282243695754333,0.5717756304245667
4,24,4,870.0010100000001,930.00001,bored,bored,0.4889257938474775,0.5110742061525224
4,24,2,1020.00101,1080.00001,amused,amused,0.7185037950628367,0.28149620493716343
4,24,2,1050.00101,1110.00001,amused,amused,0.8284267317927242,0.17157326820727556
4,24,2,1080.00101,1140.00001,amused,amused,0.796939088265609,0.20306091173439128
4,24,2,1110.00101,1170.00001,amused,amused,0.8215567296640862,0.17844327033591373
4,24,2,1140.00101,1200.00001,amused,amused,0.8309413271946149,0.16905867280538533
4,24,2,1170.00101,1230.00001,amused,amused,0.76645555232363,0.23354444767636998
4,24,3,1590.00101,1650.00001,bored,amused,0.6649578921135552,0.335042107886445
4,24,3,1620.00101,1680.00001,bored,amused,0.6469871306784352,0.35301286932156467
4,24,3,1650.00101,1710.00001,bored,amused,0.6610082191261847,0.33899178087381515
4,24,1,1800.00101,1860.00001,amused,amused,0.7058191880990298,0.29418081190097023
4,24,1,1830.00101,1890.00001,amused,amused,0.7041677770001865,0.2958322229998136
4,24,1,1860.00101,1920.00001,amused,amused,0.6803356712351757,0.31966432876482437
4,24,1,1890.00101,1950.00001,amused,amused,0.7081925593203401,0.2918074406796598
4,24,1,1920.00101,1980.00001,amused,amused,0.7748798353396447,0.22512016466035523
4,24,1,1950.00101,2010.00001,amused,amused,0.7506165004177439,0.24938349958225625
4,24,1,1980.00101,2040.00001,amused,amused,0.7619870025963162,0.23801299740368376
4,30,2,750.00201,810.0010100000001,amused,amused,0.7085773724368508,0.2914226275631489
4,30,2,780.00201,840.0010100000001,amused,amused,0.7093370991094016,0.29066290089059804
4,30,2,810.00201,870.0010100000001,amused,amused,0.7684605068805077,0.23153949311949235
4,30,2,840.00201,900.0010100000001,amused,amused,0.8025868196295053,0.19741318037049468
4,30,2,870.00201,930.00101,amused,amused,0.7407798642960088,0.2592201357039911
4,30,4,1020.00201,1080.00101,bored,amused,0.7953060561962224,0.2046939438037777
4,30,4,1050.00201,1110.00101,bored,amused,0.7862958321897179,0.2137041678102821
4,30,4,1080.00201,1140.00101,bored,amused,0.5550295683887814,0.44497043161121874
4,30,4,1110.00201,1170.00101,bored,bored,0.39466475282096014,0.60533524717904
4,30,4,1140.00201,1200.00101,bored,bored,0.348314371683917,0.6516856283160831
4,30,4,1170.00201,1230.00101,bored,amused,0.5359358398812089,0.46406416011879115
4,30,3,1590.00201,1650.00101,bored,amused,0.5503750653548316,0.4496249346451684
4,30,3,1620.00201,1680.00101,bored,amused,0.5831862633766548,0.4168137366233453
4,30,3,1650.00201,1710.00101,bored,amused,0.5646313689189588,0.4353686310810413
4,30,1,1800.00201,1860.00101,amused,amused,0.7227802922296911,0.27721970777030874
4,30,1,1830.00201,1890.00101,amused,amused,0.8011677528979989,0.19883224710200118
4,30,1,1860.00201,1920.00101,amused,amused,0.7811013562567989,0.21889864374320106
4,30,1,1890.00201,1950.00101,amused,amused,0.7266478426054661,0.2733521573945337
4,30,1,1920.00201,1980.00101,amused,amused,0.6569316666402542,0.3430683333597458
4,30,1,1950.00201,2010.00101,amused,amused,0.6720888914161471,0.3279111085838528
4,30,1,1980.00201,2040.00101,amused,amused,0.7595661160118824,0.24043388398811757
5,3,1,780.0010100000001,840.00001,amused,amused,0.6428512796578804,0.3571487203421196
5,3,1,810.0010100000001,870.00001,amused,amused,0.6578822867858833,0.34211771321411644
5,3,1,840.0010100000001,900.00001,amused,amused,0.5615661791871939,0.438433820812806
5,3,1,870.0010100000001,930.00001,amused,amused,0.7847402416622531,0.215259758337747
5,3,1,900.0010100000001,960.00001,amused,amused,0.7565712442718754,0.24342875572812495
5,3,1,930.00101,990.00001,amused,amused,0.7321238327375268,0.26787616726247326
5,3,3,1080.00101,1140.00001,bored,amused,0.6170711541148601,0.38292884588514
5,3,3,1110.00101,1170.00001,bored,amused,0.5026278106828181,0.4973721893171819
5,3,3,1140.00101,1200.00001,bored,amused,0.5042602907919445,0.4957397092080555
5,3,3,1170.00101,1230.00001,bored,bored,0.42939555941879454,0.5706044405812055
5,3,2,1320.00101,1380.00001,amused,amused,0.6046464525885847,0.39535354741141526
5,3,2,1350.00101,1410.00001,amused,amused,0.5286276221368578,0.47137237786314223
5,3,2,1380.00101,1440.00001,amused,amused,0.5675655402028589,0.4324344597971413
5,3,2,1410.00101,1470.00001,amused,amused,0.6666984493771407,0.3333015506228591
5,3,2,1440.00101,1500.00001,amused,amused,0.757626026750623,0.24237397324937718
5,3,2,1470.00101,1530.00001,amused,amused,0.7302018504487958,0.26979814955120424
5,3,4,1620.00101,1680.00001,bored,bored,0.4871692509804667,0.5128307490195332
5,3,4,1650.00101,1710.00001,bored,bored,0.30068584730217657,0.6993141526978235
5,3,4,1680.00101,1740.00001,bored,bored,0.3700913302423217,0.6299086697576783
5,3,4,1710.00101,1770.00001,bored,bored,0.3444410460252638,0.655558953974736
5,3,4,1740.00101,1800.00001,bored,bored,0.31021804474019044,0.6897819552598097
5,3,4,1770.00101,1830.00001,bored,bored,0.34949419371077733,0.6505058062892227
5,4,4,210.00001,269.99901,bored,amused,0.7268367518281691,0.27316324817183146
5,4,4,240.00001,299.99901,bored,bored,0.42409467122593614,0.5759053287740641
5,4,4,270.00001000000003,329.99901,bored,amused,0.6620367547109608,0.33796324528903926
5,4,4,300.00001000000003,359.99901,bored,amused,0.697674118880571,0.3023258811194293
5,4,4,330.00001000000003,389.99901,bored,amused,0.530213137500429,0.4697868624995711
5,4,2,480.00001,539.99901,amused,amused,0.7432214247976462,0.25677857520235386
5,4,2,510.00001,569.99901,amused,amused,0.6659867727197146,0.33401322728028554
5,4,2,540.00001,599.99901,amused,amused,0.5982986338605776,0.4017013661394224
5,4,2,570.00001,629.99901,amused,amused,0.5204629146185247,0.4795370853814754
5,4,2,600.00001,659.99901,amused,amused,0.6474439858752333,0.35255601412476667
5,4,2,630.00001,689.99901,amused,amused,0.6049445322874033,0.39505546771259664
5,4,3,1320.00001,1379.99901,bored,amused,0.6622634010562394,0.33773659894376074
5,4,3,1350.00001,1409.99901,bored,amused,0.6120968383297096,0.3879031616702904
5,4,3,1380.00001,1439.99901,bored,amused,0.6295986847880659,0.37040131521193387
5,4,3,1410.00001,1469.99901,bored,amused,0.7142804455741036,0.28571955442589647
5,4,1,2130.00001,2189.99901,amused,amused,0.7285800704819826,0.2714199295180173
5,4,1,2160.00001,2219.99901,amused,amused,0.6675047519496379,0.33249524805036224
5,4,1,2190.00001,2249.99901,amused,amused,0.6451568604237967,0.3548431395762032
5,4,1,2220.00001,2279.99901,amused,amused,0.6174808148018799,0.38251918519812
5,4,1,2250.00001,2309.99901,amused,amused,0.6017226309905607,0.39827736900943933
5,4,1,2280.00001,2339.99901,amused,amused,0.5588772504933819,0.4411227495066181
5,5,1,210.001,270.0,amused,amused,0.5366401392421072,0.4633598607578928
5,5,1,240.001,300.0,amused,bored,0.3369806697202431,0.6630193302797572
5,5,1,270.001,330.0,amused,bored,0.2998706736224476,0.7001293263775525
5,5,1,300.001,360.0,amused,bored,0.30373363468237113,0.6962663653176291
5,5,1,330.001,390.0,amused,amused,0.686765152448329,0.313234847551671
5,5,1,360.001,420.0,amused,amused,0.5935169375112922,0.40648306248870775
5,5,3,1080.001,1140.0,bored,bored,0.3964733897663315,0.6035266102336686
5,5,3,1110.001,1170.0,bored,bored,0.28205996019281615,0.717940039807184
5,5,3,1140.001,1200.0,bored,bored,0.258654809940857,0.7413451900591431
5,5,3,1170.001,1230.0,bored,bored,0.2661336281973092,0.7338663718026909
5,5,2,1590.001,1650.0,amused,amused,0.5978337615589365,0.4021662384410633
5,5,2,1620.001,1680.0,amused,amused,0.5211127053917821,0.4788872946082179
5,5,2,1650.001,1710.0,amused,amused,0.7166418933279948,0.28335810667200567
5,5,2,1680.001,1740.0,amused,amused,0.5695403261005683,0.430459673899432
5,5,2,1710.001,1770.0,amused,amused,0.7828671393164451,0.21713286068355472
5,5,2,1740.001,1800.0,amused,amused,0.7659316438210773,0.23406835617892288
5,5,4,1890.001,1950.0,bored,bored,0.37105236872267044,0.6289476312773299
5,5,4,1920.001,1980.0,bored,bored,0.43145381210984296,0.5685461878901569
5,5,4,1950.001,2010.0,bored,bored,0.4082792057788295,0.5917207942211704
5,5,4,1980.001,2040.0,bored,bored,0.43141592547524543,0.5685840745247546
5,5,4,2010.001,2070.0,bored,bored,0.46379380116049473,0.5362061988395053
5,6,4,750.0010100000001,810.00001,bored,amused,0.6582100009155311,0.3417899990844689
5,6,4,780.0010100000001,840.00001,bored,amused,0.5975989471706932,0.4024010528293068
5,6,4,810.0010100000001,870.00001,bored,amused,0.5272911878072865,0.47270881219271343
5,6,4,840.0010100000001,900.00001,bored,amused,0.5613787131094877,0.43862128689051216
5,6,4,870.0010100000001,930.00001,bored,amused,0.7209401894419551,0.27905981055804485
5,6,2,1020.00101,1080.00001,amused,amused,0.7479761554377978,0.2520238445622021
5,6,2,1050.00101,1110.00001,amused,amused,0.6007246618158562,0.39927533818414374
5,6,2,1080.00101,1140.00001,amused,amused,0.6847893045976037,0.31521069540239655
5,6,2,1110.00101,1170.00001,amused,amused,0.6498369397977285,0.3501630602022715
5,6,2,1140.00101,1200.00001,amused,amused,0.6687546818156562,0.3312453181843437
5,6,2,1170.00101,1230.00001,amused,amused,0.6871695284888706,0.3128304715111296
5,6,3,1620.00101,1680.00001,bored,amused,0.7450614490036266,0.25493855099637325
5,6,3,1650.00101,1710.00001,bored,bored,0.4865426062374496,0.5134573937625505
5,6,3,1680.00101,1740.00001,bored,bored,0.4266150353220109,0.5733849646779892
5,6,3,1710.00101,1770.00001,bored,bored,0.4946504539716568,0.5053495460283433
5,6,1,2130.00101,2190.00001,amused,amused,0.6064321602057247,0.39356783979427523
5,6,1,2160.00101,2220.00001,amused,amused,0.6037964216707171,0.39620357832928305
5,6,1,2190.00101,2250.00001,amused,amused,0.7407580115213749,0.2592419884786253
5,6,1,2220.00101,2280.00001,amused,amused,0.6558553188083309,0.34414468119166913
5,6,1,2250.00101,2310.00001,amused,amused,0.7306198037595544,0.2693801962404456
5,6,1,2280.00101,2340.00001,amused,amused,0.6324318191792067,0.3675681808207933
5,20,4,210.00101,270.00001000000003,bored,bored,0.4869656003735707,0.5130343996264294
5,20,4,240.00101,300.00001000000003,bored,amused,0.5157152144855066,0.4842847855144932
5,20,4,270.00101,330.00001000000003,bored,amused,0.5381919368020774,0.4618080631979224
5,20,4,300.00101,360.00001000000003,bored,bored,0.39827549995515654,0.6017245000448435
5,20,4,330.00101,390.00001,bored,bored,0.4487772353328093,0.5512227646671908
5,20,2,750.0010100000001,810.00001,amused,amused,0.6886911401923455,0.3113088598076546
5,20,2,780.0010100000001,840.00001,amused,amused,0.6371285000714528,0.362871499928547
5,20,2,810.0010100000001,870.00001,amused,amused,0.5559762796532627,0.44402372034673726
5,20,2,840.0010100000001,900.00001,amused,amused,0.7702707287310153,0.22972927126898487
5,20,2,870.0010100000001,930.00001,amused,amused,0.8066126793022369,0.19338732069776302
5,20,2,900.0010100000001,960.00001,amused,amused,0.8933801367551701,0.10661986324483004
5,20,3,1320.00101,1380.00001,bored,bored,0.4987022835907697,0.5012977164092303
5,20,3,1350.00101,1410.00001,bored,bored,0.38143601972099783,0.6185639802790022
5,20,3,1380.00101,1440.00001,bored,bored,0.3551693570162842,0.6448306429837157
5,20,3,1410.00101,1470.00001,bored,amused,0.5950168995789207,0.40498310042107927
5,20,1,1560.00101,1620.00001,amused,amused,0.753217467926198,0.246782532073802
5,20,1,1590.00101,1650.00001,amused,amused,0.7505142538707978,0.2494857461292022
5,20,1,1620.00101,1680.00001,amused,bored,0.4990506019326056,0.5009493980673944
5,20,1,1650.00101,1710.00001,amused,amused,0.7584200434020834,0.24157995659791656
5,20,1,1680.00101,1740.00001,amused,amused,0.7980224304284412,0.2019775695715587
5,20,1,1710.00101,1770.00001,amused,amused,0.6731976677736801,0.32680233222632
5,22,2,210.00001,269.99901,amused,amused,0.6590440254614136,0.3409559745385862
5,22,2,240.00001,299.99901,amused,amused,0.8512453132414625,0.1487546867585373
5,22,2,270.00001000000003,329.99901,amused,amused,0.8364027497174934,0.16359725028250666
5,22,2,300.00001000000003,359.99901,amused,amused,0.8327260955215897,0.1672739044784103
5,22,2,330.00001000000003,389.99901,amused,amused,0.8419412334000604,0.15805876659993953
5,22,2,360.00001000000003,419.99901,amused,amused,0.7505282723998122,0.24947172760018765
5,22,4,750.00001,809.99901,bored,amused,0.5974272061196647,0.4025727938803352
5,22,4,780.00001,839.99901,bored,amused,0.5374340256854486,0.46256597431455143
5,22,4,810.00001,869.99901,bored,bored,0.3447417460172836,0.6552582539827163
5,22,4,840.00001,899.99901,bored,bored,0.4624190741873768,0.5375809258126231
5,22,4,870.00001,929.99901,bored,bored,0.4420258778209088,0.5579741221790911
5,22,4,900.00001,959.99901,bored,bored,0.3847387837931329,0.6152612162068674
5,22,3,1890.00001,1949.99901,bored,amused,0.5119884556850158,0.4880115443149841
5,22,3,1920.00001,1979.99901,bored,bored,0.3441410870737584,0.6558589129262419
5,22,3,1950.00001,2009.99901,bored,bored,0.35615536530682074,0.6438446346931793
5,22,3,1980.00001,2039.99901,bored,bored,0.4692808207376422,0.5307191792623578
5,22,1,2130.00001,2189.99901,amused,amused,0.7713142566041445,0.2286857433958558
5,22,1,2160.00001,2219.99901,amused,amused,0.6139664414613185,0.38603355853868143
5,22,1,2190.00001,2249.99901,amused,amused,0.6331013498305913,0.3668986501694086
5,22,1,2220.00001,2279.99901,amused,amused,0.6284964280950899,0.37150357190491
5,22,1,2250.00001,2309.99901,amused,amused,0.6557181535240022,0.3442818464759978
5,22,1,2280.00001,2339.99901,amused,amused,0.6330424038223917,0.36695759617760815
