subject,video,sampling_rate_hz,BVP_HR_Mean,BVP_HR_SD,BVP_HR_Min,BVP_HR_Max,BVP_Beat_Count,BVP_IBIsec_Mean,BVP_IBIsec_SD,BVP_PRV_RMSSD,BVP_PRV_pNN50
sub_1,1,1000,75.17677978302069,3.5009949356918644,67.56756756756756,89.55223880597015,232,0.7981991341991342,0.038015424064224985,0.033537778827698934,11.73913043478261
sub_1,2,1000,78.78188733951711,14.00284224604002,56.764427625354784,185.75851393188853,226,0.7641377777777777,0.12214579137496832,0.10797864785621805,45.535714285714285
sub_1,3,1000,76.75317772270398,3.164026318619873,69.93006993006993,88.88888888888889,152,0.7818940397350993,0.03280569977892829,0.027579219229944378,6.0
sub_1,4,1000,72.43380668865052,9.181523193107326,51.54639175257732,167.5977653631285,192,0.8309790575916229,0.10271895057626333,0.1324252718765529,56.315789473684205
sub_1,5,1000,76.14872331346466,4.819617644037275,62.11180124223603,93.45794392523364,183,0.7884615384615384,0.05240067688773187,0.05057935070987017,17.12707182320442
sub_1,6,1000,73.18749440838552,8.602224207439095,59.28853754940712,196.07843137254903,179,0.8208146067415731,0.08573138354022844,0.1031754306582988,48.0225988700565
sub_1,7,1000,84.25276312081087,12.634074680306359,55.762081784386616,112.14953271028037,276,0.7121199999999999,0.1077642045477912,0.049194793802050614,17.88321167883212
sub_1,8,1000,79.0873992926146,6.130336461960425,61.664953751284685,111.31725417439702,188,0.7597754010695187,0.06517547547543301,0.08727182230102644,34.40860215053764
sub_1,10,1000,73.89583584565865,3.319908997249951,65.14657980456026,84.1514726507714,125,0.8119919354838709,0.03921826762630828,0.04104795925925664,21.951219512195124
sub_1,11,1000,74.97756243251787,8.352326831672883,51.63511187607573,192.30769230769232,1197,0.8017416387959867,0.08545574832466839,0.09294459140331786,31.213389121338913
sub_1,12,1000,72.22264666262478,8.806601915596994,51.107325383304946,137.61467889908258,143,0.8332816901408451,0.10167944425034452,0.1265584550837734,43.262411347517734
sub_10,1,1000,70.32037801393355,3.7170874910716214,62.761506276150634,85.71428571428572,217,0.8534398148148149,0.044134223807345004,0.02012738502406552,1.3953488372093024
sub_10,2,1000,72.32088486090025,3.556013738655858,65.64551422319475,84.03361344537815,208,0.8296570048309179,0.0408301919728062,0.018668544750643955,1.4563106796116505
sub_10,3,1000,70.8527830580679,3.391318997860156,64.86486486486486,79.47019867549669,140,0.8469712230215827,0.04071641573143454,0.018416478128748356,0.0
sub_10,4,1000,68.76924065119663,2.9017103079100224,62.17616580310881,75.66204287515762,184,0.8726393442622952,0.03729634658277495,0.020971199507686944,1.098901098901099
sub_10,5,1000,73.30733652704507,5.5482450183212775,61.34969325153374,107.71992818671453,177,0.8188579545454544,0.06132029587930253,0.05022662924897792,4.0
sub_10,6,1000,73.7248339042786,1.6245075497596593,69.44444444444444,77.31958762886597,179,0.8137359550561798,0.01861414677182177,0.016778382648330096,0.0
sub_10,7,1000,72.71751157088153,2.5068509833348545,66.29834254143647,79.7872340425532,238,0.8251729957805908,0.028990170542301255,0.015853941390932363,0.423728813559322
sub_10,8,1000,72.71744175005799,2.508956461815267,66.66666666666667,81.74386920980926,174,0.8252832369942197,0.028879370538518634,0.01569680014791934,0.0
sub_10,10,1000,76.48792938194111,4.722021257098261,71.00591715976331,95.54140127388536,129,0.784609375,0.04572783520033914,0.0170651830473905,0.0
sub_10,11,1000,76.84129416493494,6.485945525278096,54.24954792043399,121.45748987854252,1228,0.78099837000815,0.06414143650343146,0.034348646653351605,3.7520391517128875
sub_10,12,1000,76.61613660151386,4.07768940138514,70.17543859649123,86.58008658008659,153,0.7831184210526316,0.04136040793893777,0.015989648969636113,0.6622516556291391
sub_11,1,1000,68.73493037968998,2.999296694394961,62.11180124223603,82.07934336525308,212,0.8730995260663508,0.038302791525395986,0.029352374772101588,7.6190476190476195
sub_11,2,1000,67.00039061246623,2.6621164936678663,61.91950464396285,77.51937984496124,193,0.8956354166666668,0.036294977783797984,0.02988310559496788,9.947643979057592
sub_11,3,1000,69.67238821881524,3.591006918656755,61.664953751284685,79.57559681697613,137,0.8612647058823529,0.04551377220367054,0.03301896200445816,13.333333333333334
sub_11,4,1000,64.7822529895351,3.2145441674169826,59.11330049261084,76.53061224489795,172,0.9263567251461987,0.04657153459882299,0.035948165297206666,17.058823529411764
sub_11,5,1000,68.67161078988549,2.7600478552339145,62.761506276150634,79.7872340425532,166,0.8739939393939394,0.03587799139165065,0.030088588712861023,7.317073170731707
sub_11,6,1000,66.53575689966353,3.8261729409576453,58.13953488372093,82.64462809917356,162,0.9019937888198758,0.05146554016791506,0.03604693121473725,10.0
sub_11,7,1000,68.1322624650503,4.245248708732457,59.46481665014867,88.88888888888889,223,0.8808378378378378,0.05460951316994492,0.04101936415029026,21.71945701357466
sub_11,8,1000,72.1006289589331,5.659344566538403,59.880239520958085,85.71428571428572,173,0.8324767441860463,0.06702077545722705,0.03426129386508836,13.450292397660817
sub_11,10,1000,69.84400774751066,3.2601729826524655,63.29113924050633,83.91608391608392,117,0.8594224137931034,0.0406321069883354,0.03215816888578946,13.043478260869565
sub_11,11,1000,67.34323990659517,5.609156884908408,49.423393739703464,102.73972602739727,1077,0.8913299256505576,0.07460236521905321,0.055826966893770424,23.53488372093023
sub_11,12,1000,68.66308829436493,6.613519425654013,59.40594059405941,90.22556390977444,137,0.8739779411764705,0.08148325946003776,0.03664180975637286,17.037037037037038
sub_12,1,1000,50.93941784999271,2.98648878812733,43.891733723482076,63.29113924050633,157,1.1780384615384616,0.0708201844159563,0.04859078632960197,29.03225806451613
sub_12,2,1000,60.35097302503007,5.481912431394204,47.84688995215312,76.62835249042145,174,0.9947514450867051,0.09095359650703705,0.05146967949168466,36.04651162790697
sub_12,3,1000,52.268002253217986,3.3628971768820244,43.731778425655975,64.1025641025641,103,1.1484411764705882,0.07647523930048794,0.06575637604140765,41.584158415841586
sub_12,4,1000,53.73708096891074,2.7691881992279193,46.948356807511736,62.30529595015577,143,1.1167605633802815,0.05975312232721915,0.04539073858108248,31.914893617021278
sub_12,5,1000,53.161756841683726,2.9945452122947023,46.72897196261682,62.17616580310881,128,1.1290157480314962,0.06518851938099314,0.04725538518064822,32.53968253968254
sub_12,6,1000,52.71550525073611,3.247365563560045,46.15384615384615,67.49156355455568,129,1.1389375,0.0707701771140217,0.05761985112870812,35.43307086614173
sub_12,7,1000,64.75009142750585,10.503217984753407,47.77070063694268,94.33962264150944,212,0.9273033175355451,0.14802629758162505,0.050806401921317704,20.952380952380953
sub_12,8,1000,55.45840857895218,3.7914030730676167,48.82017900732302,66.96428571428571,132,1.0823893129770994,0.07549627891533696,0.05622030840295237,44.61538461538462
sub_12,10,1000,54.264571723004465,3.688158836552066,48.115477145148354,64.93506493506493,91,1.1056000000000001,0.07572403111885216,0.04745311109726095,32.58426966292135
sub_12,11,1000,54.945476711073326,6.930280956104432,42.765502494654314,173.41040462427748,877,1.0933710045662102,0.12330790999004944,0.08789678362391067,45.14285714285714
sub_12,12,1000,55.371770744364525,5.309986129395829,46.47560030983734,76.04562737642586,111,1.0840090909090907,0.1012502296701813,0.06819877854108101,46.788990825688074
sub_13,1,1000,83.7882164966899,15.103294271444023,56.444026340545626,196.72131147540983,257,0.7201171875,0.12101947293551499,0.13960376701474025,66.66666666666666
sub_13,2,1000,78.59684202844528,13.141516505497009,56.074766355140184,196.07843137254903,225,0.7667723214285714,0.11606485618411605,0.13438811673389323,63.22869955156951
sub_13,3,1000,80.91201932152366,10.93861999425727,62.761506276150634,188.08777429467085,159,0.7440443037974683,0.08899298400284425,0.10807407815672893,44.5859872611465
sub_13,4,1000,71.79229030067593,4.767745525036578,57.69230769230769,100.33444816053512,191,0.8366368421052632,0.06088331990503869,0.07850322677289523,49.735449735449734
sub_13,5,1000,78.70596527246593,6.284303787494534,63.29113924050633,113.42155009451795,190,0.764015873015873,0.06963567140607141,0.10536905759221889,63.297872340425535
sub_13,6,1000,74.55637874885502,5.9187369357160575,55.65862708719851,103.62694300518136,182,0.8066187845303867,0.07293873521425519,0.10956720413619316,58.333333333333336
sub_13,7,1000,86.06887839158507,11.424565591313115,43.731778425655975,181.8181818181818,281,0.6994107142857142,0.10145188458182569,0.12380667667764998,51.971326164874554
sub_13,8,1000,78.85303107108831,9.321215873654447,58.76591576885407,127.65957446808511,187,0.7631827956989248,0.09508184886497485,0.11421854348430326,54.59459459459459
sub_13,10,1000,79.03319616117956,7.004434825597446,63.02521008403362,114.50381679389312,133,0.7610833333333333,0.07444278275320183,0.10503271028116734,45.038167938931295
sub_13,11,1000,76.61302147619084,9.515101388236845,49.95836802664446,198.01980198019803,1222,0.7855298935298934,0.09663931166603124,0.11892275010191816,52.950819672131146
sub_13,12,1000,73.32271019968017,10.299254934037775,53.333333333333336,191.69329073482427,146,0.8218137931034484,0.10485615672364569,0.1440614982491081,58.333333333333336
sub_14,1,1000,62.44463943351263,3.147217031256339,46.91164972634871,89.4187779433681,192,0.9612251308900523,0.05153453167368263,0.061732103735244154,10.0
sub_14,2,1000,64.13939947386592,2.4094720882110034,59.582919563058596,76.23888182973316,185,0.9356195652173913,0.03561702767891403,0.030424411395180158,6.557377049180328
sub_14,3,1000,62.66203358132387,3.4283298348508744,58.083252662149086,77.82101167315174,124,0.9576747967479673,0.05118331408983644,0.035972781149176604,15.573770491803279
sub_14,4,1000,61.710377318856544,3.9151034988618685,55.504162812210915,80.97165991902834,164,0.9729263803680981,0.06020094757852446,0.04304763367982146,17.901234567901234
sub_14,5,1000,64.63413264819127,7.574067878544671,57.971014492753625,94.19152276295134,156,0.9286322580645161,0.0996818176292391,0.041441713097018364,14.285714285714285
sub_14,6,1000,64.5425806561533,4.4597804123612095,58.027079303675045,85.34850640113798,157,0.9298653846153846,0.0629364847244224,0.04289695079019922,22.58064516129032
sub_14,7,1000,61.81377503130606,3.4519316625016248,56.33802816901409,78.43137254901961,202,0.9710199004975123,0.05345849370533955,0.04271943351684335,19.5
sub_14,8,1000,62.31388774893665,3.035536516494351,58.30903790087464,80.32128514056225,149,0.9633108108108107,0.04504560022180396,0.03401610262942004,9.523809523809524
sub_14,10,1000,60.35830010535677,2.5907774964027084,55.97014925373134,74.44168734491315,102,0.9944554455445543,0.04295807874837961,0.040793014107810166,20.0
sub_14,11,1000,63.65712744629881,4.98960122381128,47.430830039525695,96.61835748792271,1018,0.9428338249754179,0.07101632560115129,0.049045144317275295,21.948818897637796
sub_14,12,1000,64.76989861584869,7.354072630457294,56.444026340545626,90.36144578313252,129,0.926890625,0.10188613699669535,0.053806594449929766,24.409448818897637
sub_15,1,1000,72.42741905378311,3.884777776607252,59.880239520958085,81.30081300813008,224,0.8287713004484304,0.0474603131974717,0.049702719848720135,33.33333333333333
sub_15,2,1000,69.20214639509483,5.857829815220269,59.230009871668315,84.50704225352113,199,0.8674545454545455,0.07471376662826797,0.06263519388243605,38.07106598984771
sub_15,3,1000,72.25124175029053,3.7804557020478997,62.695924764890286,81.41112618724559,142,0.8305886524822695,0.04623852296500845,0.04746600287122803,32.857142857142854
sub_15,4,1000,72.00680376399772,4.704387905881734,62.37006237006237,83.33333333333334,191,0.8336473684210525,0.05721526175143585,0.0555822951522473,35.978835978835974
sub_15,5,1000,71.24064272327358,4.478414604885918,60.06006006006006,82.64462809917356,172,0.8424853801169591,0.055928563116031615,0.055355110290686974,38.82352941176471
sub_15,6,1000,73.15129846482195,4.714480106660358,62.5,86.58008658008659,178,0.820502824858757,0.055636646490403605,0.05162996619300568,32.95454545454545
sub_15,7,1000,73.53615095548435,8.80642108649204,59.28853754940712,154.63917525773195,241,0.816825,0.09360935338771798,0.07277905464471958,35.56485355648535
sub_15,8,1000,72.1486657634387,5.041556682900905,62.30529595015577,90.36144578313252,172,0.8319356725146199,0.05994072571146207,0.05310455835092746,40.0
sub_15,10,1000,74.49591248405466,3.321135712463695,66.81514476614699,86.58008658008659,125,0.8056612903225806,0.03778075271556169,0.03912872232221625,21.951219512195124
sub_15,11,1000,71.51396798480437,6.475093652101506,54.24954792043399,99.00990099009901,1143,0.8396138353765323,0.07899304266400876,0.06854299366615575,41.104294478527606
sub_15,12,1000,73.48435298125311,6.233535306686722,58.47953216374269,90.36144578313252,146,0.8168620689655172,0.0724360950878873,0.05664172245105389,36.80555555555556
sub_16,1,1000,58.48666176955645,4.439431070403283,51.19453924914676,76.53061224489795,180,1.0274301675977655,0.08368295705940695,0.10962412799289328,60.67415730337079
sub_16,2,1000,61.503295327173966,4.956941403300233,52.67778753292362,84.1514726507714,177,0.9771363636363636,0.08512613392892895,0.11724864909364932,70.28571428571428
sub_16,3,1000,54.42358610130644,3.601960759459575,47.3186119873817,67.0391061452514,108,1.1032897196261682,0.08446057636397278,0.12756626099167534,71.69811320754717
sub_16,4,1000,55.97380322319647,3.895753024710398,36.58536585365854,68.64988558352402,149,1.0739391891891892,0.0894455312399789,0.13432079075828868,68.70748299319727
sub_16,5,1000,54.240745873225485,3.2337166085276805,46.47560030983734,67.72009029345372,131,1.1068923076923076,0.07311279443475795,0.10625426576024165,64.34108527131784
sub_16,6,1000,56.94594411578778,3.567517291867251,50.08347245409015,67.87330316742081,139,1.0554420289855073,0.07608690855761083,0.11892658595417313,66.42335766423358
sub_16,7,1000,56.42294719870342,4.146191900853773,47.61904761904762,74.53416149068323,185,1.065070652173913,0.08643425754777755,0.1210896114002809,67.21311475409836
sub_16,8,1000,58.24255583341053,3.98266334018829,49.423393739703464,69.76744186046511,139,1.0317753623188408,0.08183608733368256,0.1268103359898893,65.69343065693431
sub_16,10,1000,58.82563384601227,3.6927966929694596,51.81347150259068,72.37635705669481,99,1.0210102040816327,0.06894089377613427,0.0886559433352316,57.73195876288659
sub_16,11,1000,55.55824972414878,4.437015648009767,36.144578313253014,89.55223880597015,888,1.081685456595265,0.09229598753457909,0.12494005334568485,68.62302483069978
sub_16,12,1000,55.36079591809386,3.657578883546854,46.26060138781804,69.60556844547564,110,1.085238532110092,0.07991037400159416,0.1146204283388986,66.66666666666666
sub_17,1,1000,67.51627737781541,2.747247387777003,61.91950464396285,75.09386733416771,209,0.8889038461538461,0.038773012826818595,0.04386953649041734,27.053140096618357
sub_17,2,1000,68.67982946644665,3.4134923027873803,61.03763987792472,79.57559681697613,197,0.8738316326530612,0.045792424507033955,0.04390555131071054,21.53846153846154
sub_17,3,1000,69.05715811760373,2.902826177783287,61.53846153846154,76.43312101910827,136,0.8690296296296296,0.03914776200797687,0.04214048997724622,26.865671641791046
sub_17,4,1000,68.73370694449875,6.099121318958007,55.91798695246971,113.20754716981132,183,0.8734065934065937,0.07380371622049639,0.0580182387021482,39.226519337016576
sub_17,5,1000,68.90947676977413,3.1871148326104604,62.761506276150634,78.84362680683311,166,0.8709272727272728,0.04224941292564885,0.04502478991974393,30.48780487804878
sub_17,6,1000,68.93883759564946,4.861046722647749,56.657223796033996,90.49773755656108,168,0.8710299401197604,0.06305946486909997,0.0640037649495,33.734939759036145
sub_17,7,1000,68.25990595075416,3.7216444957432215,59.46481665014867,81.30081300813008,224,0.8793318385650223,0.05053345222207428,0.05241419414383615,36.93693693693694
sub_17,8,1000,68.07149500784244,6.900844920511662,59.05511811023622,184.04907975460122,163,0.8829320987654322,0.07000979883296496,0.07828435982869643,37.267080745341616
sub_17,10,1000,69.53038057068144,5.503824759131763,62.04756980351603,84.6262341325811,117,0.8630689655172415,0.0679803120761028,0.043230725788192745,29.565217391304348
sub_17,11,1000,67.68059669702176,5.140338088464737,48.154093097913325,193.5483870967742,1081,0.8872564814814815,0.061551754455164934,0.06548043733644432,34.0129749768304
sub_17,12,1000,65.41657908906168,3.1792470405867044,59.230009871668315,79.36507936507937,130,0.9175116279069767,0.04649349646594658,0.04895413989133093,34.375
sub_18,1,1000,74.70998859323255,4.097853067454512,63.76195536663125,89.15304606240713,231,0.8032043478260871,0.04380130014211777,0.024431349322014996,4.366812227074235
sub_18,2,1000,76.16015765419287,4.871875729274925,68.80733944954129,97.5609756097561,219,0.7878899082568807,0.048878869085841666,0.024139666574005268,3.225806451612903
sub_18,3,1000,73.96027489675271,3.850178941178643,65.43075245365321,85.59201141226819,146,0.8113655172413793,0.04252622943842661,0.02681663559144667,4.861111111111112
sub_18,4,1000,75.36621662887103,2.4870961375785328,65.359477124183,81.52173913043478,201,0.7962100000000001,0.027486285671221557,0.021826405104803548,0.5025125628140703
sub_18,5,1000,77.30981954119518,5.508528990850793,63.224446786090624,93.60374414976599,187,0.7763978494623656,0.05519196992101554,0.02443955588573352,1.6216216216216217
sub_18,6,1000,78.14900851163571,3.2228531179823916,70.17543859649123,88.75739644970413,191,0.7677684210526318,0.03208162373879247,0.019781344426039085,1.0582010582010581
sub_18,7,1000,76.12646682907331,4.861322900826821,66.07929515418502,94.6372239747634,250,0.7883493975903615,0.04927354196105762,0.026352373339894094,6.854838709677419
sub_18,8,1000,77.5174153989801,6.859538918828717,67.11409395973155,103.98613518197574,185,0.774,0.06441020038040154,0.024833764253421892,2.185792349726776
sub_18,10,1000,76.04665543619014,2.31811173216618,70.83825265643448,82.87292817679558,128,0.7891181102362204,0.02498459814486294,0.021278202573570555,0.0
sub_18,11,1000,78.2409974466244,5.410127063156813,54.347826086956516,111.31725417439702,1252,0.7669656274980017,0.052343142568313475,0.030516434916287322,4.4799999999999995
sub_18,12,1000,78.8552782062856,6.022124835894729,68.18181818181819,100.33444816053512,157,0.7608076923076924,0.0559700143374197,0.0222384439000748,4.516129032258064
sub_19,1,1000,66.38448480992426,4.770045375953314,58.19592628516004,87.46355685131195,205,0.9042205882352942,0.06419559089104218,0.04971960789132386,25.615763546798032
sub_19,2,1000,64.52620088553137,6.6624389688854215,50.0,92.87925696594426,185,0.9309673913043478,0.09692174690764445,0.08609071971971151,53.551912568306015
sub_19,3,1000,63.57504226522263,2.417126722569638,53.0035335689046,73.71007371007371,125,0.9441693548387097,0.043018510977026386,0.06563275505862422,25.203252032520325
sub_19,4,1000,59.66247804820939,7.0434451409731125,46.72897196261682,180.72289156626505,159,1.0090506329113922,0.0989499168463684,0.1391767652107287,70.70063694267516
sub_19,5,1000,64.12387770506044,6.657523819662409,55.452865064695004,93.02325581395348,154,0.9361830065359477,0.09200067049403986,0.0665126125752022,36.18421052631579
sub_19,6,1000,60.310376931206584,2.9697985571661465,55.91798695246971,82.98755186721992,147,0.9958013698630137,0.04655643502201485,0.046966018529908664,20.689655172413794
sub_19,7,1000,71.98529914354857,8.235285595977706,51.06382978723404,99.66777408637874,236,0.8341106382978725,0.09542445209190034,0.060872818236056725,34.61538461538461
sub_19,8,1000,65.42876844132218,9.678409544399427,53.0035335689046,196.72131147540983,156,0.9189612903225806,0.11662406567732604,0.0954065123427253,35.714285714285715
sub_19,10,1000,66.3204616964255,5.243859480634309,54.15162454873646,83.44923504867873,112,0.9056666666666667,0.07745796108687432,0.08786839332464516,44.54545454545455
sub_19,11,1000,65.32749763879018,7.917365144139339,50.08347245409015,119.04761904761905,1044,0.9193269415148609,0.10612370679429586,0.07867029525231471,38.38771593090211
sub_19,12,1000,66.17214829138845,9.12151987668345,51.85825410544511,98.84678747940693,132,0.9076488549618321,0.11924776462859961,0.07074482856881321,35.38461538461539
sub_2,1,1000,62.73815161650902,3.976003117427809,55.147058823529406,76.43312101910827,194,0.9566528497409325,0.06129685438229232,0.05376351574255536,43.22916666666667
sub_2,2,1000,68.00218706577859,3.2873733196481494,58.8235294117647,78.32898172323759,196,0.8826410256410256,0.04580073181561073,0.050632596159138774,41.23711340206185
sub_2,3,1000,61.994135989115364,3.047107570365026,55.147058823529406,69.52491309385863,122,0.9682727272727272,0.050880998742731554,0.05861150342154116,42.5
sub_2,4,1000,62.074190927961325,3.0139213002284833,56.444026340545626,73.26007326007327,166,0.9670060606060605,0.05026240199371837,0.059874411245132236,48.170731707317074
sub_2,5,1000,62.9083338302891,3.2129882626569035,55.97014925373134,79.15567282321899,151,0.9543466666666668,0.050890075871649294,0.05739729666482148,43.624161073825505
sub_2,6,1000,62.294681192690305,4.130664905424602,51.63511187607573,81.08108108108108,152,0.9636754966887416,0.06458092614777441,0.06410127403830077,43.333333333333336
sub_2,7,1000,65.53394169473009,5.09258878301989,57.47126436781609,86.70520231213874,214,0.9158215962441314,0.07115918875261913,0.0559151985953932,47.16981132075472
sub_2,8,1000,66.03831341906628,3.603540961724519,59.230009871668315,79.36507936507937,157,0.9087179487179486,0.05116436496181778,0.050279348675433384,38.70967741935484
sub_2,10,1000,63.9107101299213,3.8539802624611,55.29953917050691,79.15567282321899,108,0.9391121495327102,0.05791119968236313,0.058287753981011665,36.79245283018868
sub_2,11,1000,66.31976898097274,5.485325800766815,47.20692368214005,116.95906432748538,1060,0.9052294617563739,0.07497815382675387,0.0631643668540706,38.9413988657845
sub_2,12,1000,67.83539042114383,6.057836686358573,59.171597633136095,90.49773755656108,135,0.8848283582089552,0.0776096745507394,0.05109448714432266,35.338345864661655
sub_20,1,1000,69.6211792861758,4.833662920708527,60.544904137235115,90.9090909090909,215,0.8619906542056075,0.058397685162019014,0.030200736862570982,7.511737089201878
sub_20,2,1000,70.85882191115607,5.579456619181219,56.657223796033996,86.20689655172414,203,0.847079207920792,0.06754026055185318,0.03585473733071721,16.417910447761194
sub_20,3,1000,71.77651346602033,5.3813990157629155,59.40594059405941,94.6372239747634,142,0.8361134751773049,0.0614043790106374,0.029258698340347077,6.428571428571428
sub_20,4,1000,70.63527265604971,5.113078987783278,60.06006006006006,84.26966292134831,188,0.8495828877005348,0.061464718162755456,0.0326977852658299,11.29032258064516
sub_20,5,1000,73.82067996866924,8.572745708715171,58.47953216374269,95.54140127388536,178,0.8129378531073446,0.0937893515568124,0.03825378769125056,14.204545454545455
sub_20,6,1000,71.91419931188206,6.045264875719505,57.971014492753625,92.3076923076923,176,0.83476,0.07115062172201006,0.038596870220324826,17.24137931034483
sub_20,7,1000,73.02794489241269,5.688233417117375,61.34969325153374,91.04704097116843,240,0.8220418410041842,0.06457059908400084,0.03335126268507799,13.025210084033615
sub_20,8,1000,70.53239025483148,4.005671166775029,61.7283950617284,84.50704225352113,169,0.850720238095238,0.04888055480493801,0.03177710545562205,10.179640718562874
sub_20,10,1000,70.59132654733136,6.267700921424721,57.47126436781609,86.08321377331421,119,0.8500932203389829,0.07627092514079534,0.03559746461729384,14.529914529914532
sub_20,11,1000,72.80623212811383,7.2417487615201095,53.61930294906166,194.1747572815534,1164,0.8244995700773861,0.08031298807245046,0.04710913100187852,14.285714285714285
sub_20,12,1000,72.21637602598688,5.451221029516711,60.24096385542169,84.74576271186442,144,0.8309580419580419,0.06403516015460733,0.034311949218237804,13.380281690140844
sub_21,1,1000,71.20113088333824,4.150246470579048,62.5,87.08272859216257,220,0.8429817351598173,0.05032324403434168,0.0409471577129676,22.018348623853214
sub_21,2,1000,69.775771629068,4.955785381141319,60.301507537688444,88.49557522123894,201,0.8601650000000001,0.061049961302199036,0.039442025389604056,18.592964824120603
sub_21,3,1000,71.86149254562694,4.8452027508926845,61.162079510703364,86.95652173913044,141,0.83505,0.05792955389337738,0.045597314700688986,28.05755395683453
sub_21,4,1000,70.25844712039762,3.9696088567149252,60.60606060606061,82.41758241758242,187,0.8542311827956989,0.04970044996333518,0.04109382803661279,19.45945945945946
sub_21,5,1000,73.80750256208492,4.505186994820344,62.17616580310881,93.45794392523364,178,0.8132598870056498,0.051096897270985986,0.041474321190127,23.863636363636363
sub_21,6,1000,76.56972866764842,5.063796212457389,65.78947368421052,93.60374414976599,187,0.7838494623655914,0.05193077406904189,0.03069369157828205,7.567567567567568
sub_21,7,1000,73.58722160994851,4.701134417109113,62.17616580310881,102.21465076660989,241,0.8156625,0.05274283768516188,0.041709846524185745,15.481171548117153
sub_21,8,1000,69.3842068584691,5.253718959598441,58.252427184466015,84.03361344537815,166,0.8650303030303029,0.06629862873872615,0.04038088475576701,22.5609756097561
sub_21,10,1000,71.60634081380537,5.5514732377985565,58.13953488372093,90.7715582450832,121,0.8385250000000002,0.0677249292481481,0.056716307141758786,36.134453781512605
sub_21,11,1000,79.53506974392162,10.74758878551576,50.54759898904802,160.42780748663102,1271,0.7551582677165355,0.10011364875912443,0.06703203661108695,23.08904649330181
sub_21,12,1000,78.13901940281046,9.13923674048714,44.0852314474651,144.57831325301206,155,0.7692012987012986,0.09889390746339387,0.1095787239021615,23.52941176470588
sub_22,1,1000,84.57560534870102,5.882463579484046,69.44444444444444,100.84033613445379,261,0.7096615384615385,0.051175197394854925,0.04166723294338491,17.760617760617762
sub_22,2,1000,86.47267127977291,7.437356343232722,67.0391061452514,105.63380281690142,249,0.6940443548387096,0.06200183764500823,0.03756435772990028,16.599190283400812
sub_22,3,1000,81.77472028783394,5.722214893221972,65.50218340611353,98.36065573770492,161,0.7340250000000001,0.05307164379402621,0.043487509954153264,27.044025157232703
sub_22,4,1000,80.17943736098911,7.712790526808116,61.53846153846154,96.61835748792271,213,0.7489952830188681,0.07552429932856607,0.05954447937211881,34.12322274881517
sub_22,5,1000,80.6806465735163,7.445438831915787,66.1521499448732,188.08777429467082,195,0.7430412371134021,0.07062671109515885,0.06092001891548633,34.715025906735754
sub_22,6,1000,85.21894707607923,6.482194174855222,72.02881152460985,105.07880910683014,208,0.704391304347826,0.0551337987970742,0.04353276859731728,19.902912621359224
sub_22,7,1000,82.63046926102298,7.494250054064761,67.41573033707866,101.86757215619694,270,0.7264126394052045,0.06768561693501572,0.04783967316316248,27.985074626865668
sub_22,8,1000,88.48709273545788,5.920614951660598,72.81553398058253,104.52961672473869,211,0.6781333333333334,0.0470114609464273,0.03536122548700176,13.397129186602871
sub_22,10,1000,85.8347011494735,8.230580908813696,67.79661016949153,103.62694300518136,144,0.6993356643356644,0.06990562509814824,0.04820949003648001,26.76056338028169
sub_22,11,1000,83.44309169916532,8.894754570158925,52.81690140845071,196.07843137254903,1333,0.719584084084084,0.07833204705951115,0.05741252778886711,26.22088655146506
sub_22,12,1000,85.6890834060502,8.687520787015293,71.25890736342043,186.91588785046727,171,0.7009411764705882,0.06432973019414281,0.05630811265080599,21.893491124260358
sub_23,1,1000,83.08295875733711,5.190765552437378,73.61963190184049,103.98613518197574,256,0.7222509803921568,0.04484998687366857,0.027343973986709156,6.299212598425196
sub_23,2,1000,79.09951366227588,4.316417505153533,68.25938566552901,93.75,228,0.7586563876651983,0.042412968584286274,0.03092332796432785,8.849557522123893
sub_23,3,1000,81.59623230223924,6.406079128276434,67.18924972004478,99.33774834437087,161,0.7356125,0.05854186402695083,0.03168685222254785,11.320754716981133
sub_23,4,1000,78.4392827390134,5.559253072247609,66.51884700665188,94.7867298578199,208,0.7649565217391304,0.05450181084150463,0.03277808585963127,11.650485436893204
sub_23,5,1000,81.16919264805568,6.934996366913632,67.56756756756756,99.33774834437087,195,0.739298969072165,0.06423389363662063,0.04039506972430036,16.580310880829018
sub_23,6,1000,80.48237057166413,6.377451741511767,66.1521499448732,96.7741935483871,196,0.7457846153846154,0.060391668377910004,0.03796451137195552,17.010309278350515
sub_23,7,1000,84.04491816617063,6.550836374777656,69.93006993006993,98.84678747940693,275,0.714043795620438,0.05620028945208712,0.03150091573760503,12.087912087912088
sub_23,8,1000,81.26831078619692,5.949223207514364,70.17543859649123,101.18043844856662,194,0.7384196891191709,0.0537858450272184,0.03324302871781291,11.979166666666668
sub_23,10,1000,86.7578295775259,7.1034423972464635,75.28230865746549,102.73972602739727,146,0.6916275862068966,0.05700283656917631,0.03433616493177743,13.88888888888889
sub_23,11,1000,80.79024457080313,8.299466188741006,63.965884861407254,192.30769230769232,1292,0.743127807900852,0.07320711105474974,0.05003975938571093,19.147286821705425
sub_23,12,1000,77.54280734644966,6.249923837338578,64.1711229946524,93.75,155,0.773909090909091,0.06315825964599735,0.03792898420914084,17.647058823529413
sub_24,1,1000,81.28186752393283,24.175826685382503,41.899441340782126,198.01980198019803,245,0.7539016393442622,0.20703555210006355,0.280806356545829,72.0164609053498
sub_24,2,1000,80.07820957130613,23.41027067528518,41.49377593360996,189.873417721519,226,0.765071111111111,0.2188301305906501,0.2998306367172736,83.48214285714286
sub_24,3,1000,79.2699264274028,23.21712717319453,50.847457627118644,191.0828025477707,152,0.7705827814569537,0.20252542502854295,0.25268988899439565,74.66666666666667
sub_24,4,1000,77.62140044925627,26.613315810675342,46.5477114041893,198.67549668874173,201,0.79267,0.2438346798550198,0.3101865138377782,79.89949748743719
sub_24,5,1000,81.46052090307326,24.21176699796146,43.13443565780015,199.33554817275748,192,0.7532670157068062,0.21782544265307996,0.3028122138258384,79.47368421052632
sub_24,6,1000,78.03282933498548,23.626365377650565,39.42181340341656,193.5483870967742,187,0.7819516129032257,0.2088720677099778,0.25017191926591037,77.83783783783784
sub_24,7,1000,78.66667032817426,23.092928159462666,43.01075268817204,199.33554817275748,253,0.776436507936508,0.2144223319641598,0.2820132445817428,81.27490039840637
sub_24,8,1000,77.54912581777532,22.311818179159314,45.59270516717325,197.3684210526316,183,0.7848956043956044,0.19166948739499742,0.2321954311179361,72.92817679558011
sub_24,10,1000,69.60899912865285,13.257298269168484,54.005400540054005,188.67924528301887,117,0.8681810344827587,0.12892102628981628,0.16592769509638827,71.30434782608695
sub_24,11,1000,81.33112169141714,22.35345528943518,39.13894324853229,199.33554817275748,1279,0.750066510172144,0.19151535024434438,0.25249146771445224,75.09788566953797
sub_24,12,1000,83.17908001162446,23.955996019598516,45.94180704441041,196.72131147540983,163,0.7363641975308641,0.20456378630833097,0.2765994143609937,83.85093167701864
sub_25,1,1000,70.32742119465044,2.269378198668611,60.72874493927126,85.22727272727273,217,0.8534259259259259,0.03173376041487343,0.045117727140510766,8.372093023255815
sub_25,2,1000,75.56062804999858,3.2689411216224955,67.49156355455568,88.10572687224669,217,0.7941990740740741,0.03570341044859972,0.03320451076109572,7.906976744186046
sub_25,3,1000,68.77828120428516,1.509908607106636,64.93506493506493,75.75757575757575,135,0.8722985074626866,0.020224128433795643,0.01976877617047135,1.5037593984962405
sub_25,4,1000,70.76537667703683,1.9552030909882028,63.76195536663125,83.21775312066575,189,0.8480531914893616,0.025215609409639544,0.029792688332456112,2.6737967914438503
sub_25,5,1000,70.78555839968033,1.5302086021228274,66.74082313681869,76.14213197969544,171,0.8477117647058823,0.019536824425953142,0.020281743328077986,1.183431952662722
sub_25,6,1000,71.31556551449872,1.4341769264977728,66.51884700665188,78.63695937090432,174,0.8414277456647399,0.018225997252354343,0.02054362912618943,1.744186046511628
sub_25,7,1000,74.98784077121314,7.690173654111028,54.49591280653951,107.91366906474819,246,0.8013346938775507,0.08503230010790594,0.08492144393110765,31.967213114754102
sub_25,8,1000,73.74981743673818,4.6741867458164,62.95907660020987,90.09009009009009,176,0.8137657142857142,0.050817398274084616,0.03569675924631892,6.896551724137931
sub_25,10,1000,68.35938758219963,2.817701572169287,61.28702757916241,86.20689655172414,115,0.8782017543859648,0.03854233940417592,0.05144797182892378,16.8141592920354
sub_25,11,1000,71.23973224748401,5.3999752864432455,55.4016620498615,189.873417721519,1139,0.8427882249560632,0.058979234097010426,0.056977012445630665,12.752858399296393
sub_25,12,1000,72.85539929483443,5.55302641037481,63.89776357827476,91.6030534351145,145,0.8236180555555556,0.062195479976863824,0.03617333948518563,9.79020979020979
sub_26,1,1000,67.97895556218246,4.766156263101288,58.76591576885407,81.9672131147541,210,0.8828277511961722,0.06245089167513492,0.034754980274000355,15.865384615384615
sub_26,2,1000,74.5630871532889,8.01214259231498,63.492063492063494,100.67114093959732,215,0.8049439252336448,0.0827387321041362,0.03193236690785743,13.615023474178404
sub_26,3,1000,66.46199827892033,3.210430923872872,58.99705014749263,83.10249307479225,131,0.9030692307692307,0.04473153911633242,0.04263319302241884,26.356589147286826
sub_26,4,1000,63.379816036413146,2.615032314511251,58.59375,80.0,168,0.9467544910179639,0.039406292555940976,0.03726864375354857,19.879518072289155
sub_26,5,1000,67.46677654889278,2.8477225181339403,62.82722513089006,79.36507936507937,163,0.8895246913580246,0.038572874851214516,0.038300544082540584,24.84472049689441
sub_26,6,1000,67.62492696064197,3.0400065825176372,60.91370558375635,81.19079837618403,165,0.8873902439024389,0.04086869399333676,0.03587837327292944,15.950920245398773
sub_26,7,1000,74.0438363422322,7.851336350094238,62.37006237006237,97.24473257698541,243,0.8105289256198348,0.08318132879937166,0.0314959656245432,9.12863070539419
sub_26,8,1000,67.71837313402443,4.482188648216182,60.120240480961925,87.71929824561403,162,0.8866832298136647,0.057271438510582307,0.0409378339681034,23.75
sub_26,10,1000,71.7937876119446,3.4480027097560924,64.1711229946524,80.97165991902834,121,0.8358000000000001,0.04113749303656378,0.029785084530754683,10.084033613445378
sub_26,11,1000,67.64433616133091,5.775719730419989,58.252427184466015,111.52416356877323,1082,0.8873061979648473,0.07218847804923818,0.046063764179345684,20.555555555555554
sub_26,12,1000,72.28788950830152,7.1845453276098405,61.601642710472284,97.40259740259741,144,0.8302937062937062,0.0792120136547633,0.0376773739403671,21.830985915492956
sub_27,1,1000,76.66960300746014,2.78930896771045,65.50218340611353,95.23809523809524,237,0.7829025423728813,0.031657914537416613,0.042636863482901445,11.063829787234042
sub_27,2,1000,83.23357249841584,5.051144331715165,67.64374295377678,101.69491525423729,240,0.7210794979079497,0.047033393706995844,0.04074773798949463,8.403361344537815
sub_27,3,1000,77.76150303502729,2.9950438950535347,66.51884700665188,91.32420091324201,154,0.7719084967320262,0.032831190231067654,0.03929719756982813,6.578947368421052
sub_27,4,1000,77.05168482930713,3.2919704356566806,66.81514476614699,92.3076923076923,205,0.7789803921568628,0.03517671923754121,0.03778921315060519,9.35960591133005
sub_27,5,1000,78.68315354030264,2.22294734860902,67.34006734006734,88.10572687224669,190,0.7627142857142858,0.02381704643066123,0.028598560445841824,4.25531914893617
sub_27,6,1000,76.04198677573197,6.07971063176347,63.09148264984228,175.95307917888562,185,0.7898478260869565,0.05112717196037158,0.06078385966379904,8.743169398907105
sub_27,7,1000,80.7374825805474,4.6403384019120715,68.57142857142857,100.33444816053512,264,0.7433802281368822,0.04447240256678317,0.040937160930359685,8.778625954198473
sub_27,8,1000,85.39998239294913,7.448340403131376,66.07929515418502,110.09174311926604,204,0.7027487684729063,0.06227549578550646,0.04026484106193112,11.881188118811881
sub_27,10,1000,80.89213793766153,4.168871055633124,66.51884700665188,106.76156583629893,136,0.7421555555555556,0.04106072588102339,0.048481955406109604,14.925373134328357
sub_27,11,1000,78.11121865184481,4.846804652931693,60.97560975609756,185.75851393188853,1248,0.7685108259823578,0.04587860628566114,0.043541653642531354,8.747993579454254
sub_27,12,1000,74.83210709446227,4.2122135853895974,58.8235294117647,94.19152276295134,149,0.8023310810810811,0.04971029428891689,0.06128815623950598,8.843537414965986
sub_28,1,1000,79.07272370410124,3.8971305358747563,69.20415224913495,91.6030534351145,244,0.758888888888889,0.038250097501153345,0.02501321964531543,3.3057851239669422
sub_28,2,1000,81.82540528325531,5.411594874029026,72.55139056831923,97.24473257698541,236,0.7334851063829788,0.048332918955675715,0.024600743509019835,2.9914529914529915
sub_28,3,1000,79.04366656786891,4.432286964119714,70.09345794392523,99.00990099009901,156,0.7593483870967743,0.04228941658929643,0.024049057005569745,2.5974025974025974
sub_28,4,1000,81.92846047788429,3.566345312120198,73.61963190184049,92.7357032457496,218,0.7324654377880184,0.03249274933536026,0.02104437551320402,1.3888888888888888
sub_28,5,1000,83.93537075379545,3.1809377838982082,77.02182284980745,94.7867298578199,202,0.715,0.027463589645545343,0.019904270898478047,1.0
sub_28,6,1000,80.42054107261788,5.206743808558668,63.09148264984228,94.19152276295134,196,0.7460923076923077,0.050725017266885566,0.024906629763690777,3.608247422680412
sub_28,7,1000,75.82826284090379,4.375615439516095,66.74082313681869,89.4187779433681,248,0.7913238866396761,0.04585004995908191,0.030964640206038736,7.723577235772358
sub_28,8,1000,81.5463568739884,3.6822512492827166,71.77033492822967,94.04388714733543,195,0.7358505154639176,0.033741487276820255,0.02338204882498295,3.1088082901554404
sub_28,10,1000,80.51735950237689,4.566601250661273,72.81553398058253,94.9367088607595,136,0.7452592592592594,0.04159842642375773,0.0237420843053886,5.223880597014925
sub_28,11,1000,82.32341360282355,7.450487871146847,48.62236628849271,137.61467889908258,1317,0.7290341945288754,0.06617671987358241,0.037954735899309214,7.452471482889733
sub_28,12,1000,81.14038051662959,8.918599957680799,68.02721088435374,108.1081081081081,161,0.7393875,0.07712360108131622,0.029880053715863587,6.918238993710692
sub_29,1,1000,76.0388026010581,9.889185098150671,61.162079510703364,106.76156583629893,234,0.7894549356223175,0.096801105250847,0.029703709277253344,6.896551724137931
sub_29,2,1000,66.76982151248582,4.148955802993539,58.76591576885407,86.70520231213874,192,0.8986282722513088,0.05420798647375167,0.026554511956787256,5.7894736842105265
sub_29,3,1000,70.5643550895109,1.6593212780304751,65.21739130434783,74.1656365883807,139,0.8502826086956522,0.02132392992385799,0.021735805839086186,2.18978102189781
sub_29,4,1000,68.62731381256705,2.0604102225035716,63.492063492063494,77.02182284980745,182,0.8743646408839778,0.02702934089225876,0.022135692645338427,2.2222222222222223
sub_29,5,1000,70.09030865011069,2.5428029529122553,64.1025641025641,76.43312101910827,169,0.8561130952380952,0.03173315556083374,0.019638956763394826,0.5988023952095809
sub_29,6,1000,68.80921656419521,2.892768884814613,62.63048016701462,78.43137254901961,167,0.8719759036144578,0.03707773530717299,0.02531582329474808,3.6363636363636362
sub_29,7,1000,73.9051001333676,6.41857516179594,59.940059940059946,92.3076923076923,242,0.8119336099585062,0.07114455326714973,0.02995858252098498,6.666666666666667
sub_29,8,1000,73.78736139997075,5.0785199304422575,61.855670103092784,92.44992295839754,176,0.8134114285714285,0.056084139705719044,0.02954015385293672,6.321839080459771
sub_29,10,1000,70.29267326307483,2.041245528543837,66.006600660066,75.66204287515762,118,0.8538034188034189,0.02544181876670647,0.019065223802008983,0.0
sub_29,11,1000,68.23545008823491,4.7616764256419515,41.84100418410042,142.18009478672985,1091,0.8797009174311926,0.060545172301898494,0.05005520368531089,7.43801652892562
sub_29,12,1000,63.95081021878153,5.3713661632834215,57.636887608069166,87.08272859216257,127,0.9383809523809523,0.0746385849768532,0.03305365335329818,14.399999999999999
sub_3,1,1000,67.11264125001728,11.221553195010443,53.57142857142857,192.92604501607718,206,0.8978878048780489,0.12237504168288875,0.1400897646399006,54.41176470588235
sub_3,2,1000,69.85559968474402,9.837768439695855,51.679586563307495,175.43859649122805,201,0.86216,0.11832478354089647,0.1376830166190683,58.291457286432156
sub_3,3,1000,69.56873271451796,12.119064998731911,45.59270516717325,151.13350125944584,137,0.8657573529411764,0.14463409696457397,0.14711746377690224,60.74074074074074
sub_3,4,1000,65.32416239773029,14.427800639397436,50.33557046979866,196.07843137254903,173,0.9251976744186048,0.15817144214702836,0.17946629780207657,68.42105263157895
sub_3,5,1000,65.32131056111731,6.599611968466731,46.91164972634871,99.50248756218906,157,0.9206346153846153,0.10227709261398672,0.1311487458894941,56.774193548387096
sub_3,6,1000,62.63187995520465,11.60334723113215,48.54368932038835,188.67924528301887,152,0.9633046357615894,0.14371278353262504,0.16930316004138848,62.0
sub_3,7,1000,73.46951143452739,8.271502684127453,45.97701149425288,106.19469026548674,240,0.8179163179916318,0.09925927180451447,0.10313404022000126,45.79831932773109
sub_3,8,1000,83.52058276464088,10.323231952162537,57.36137667304015,104.71204188481676,199,0.7186161616161616,0.09541231175142785,0.05136724548415499,23.3502538071066
sub_3,10,1000,65.69112165588722,8.555313304406226,47.24409448818898,132.4503311258278,111,0.9131090909090909,0.12838545269153323,0.13612827868184013,53.21100917431193
sub_3,11,1000,61.973034606774604,12.079146051904592,32.555615843733044,186.91588785046727,986,0.9737208121827411,0.16003620219673284,0.18024628589026673,62.5
sub_3,12,1000,66.65670829032508,15.368127531723555,47.77070063694268,198.01980198019803,132,0.9054274809160305,0.17318745218965573,0.164107352293927,62.30769230769231
sub_30,1,1000,88.04796225267513,13.390306639092179,60.60606060606061,126.31578947368422,272,0.6821291512915129,0.10595589278856965,0.06590057044658403,24.814814814814813
sub_30,2,1000,89.11424898857054,11.075161436205358,60.544904137235115,133.33333333333334,256,0.6738313725490196,0.08501491793012052,0.05849052685934249,22.04724409448819
sub_30,3,1000,83.68072630447078,4.589693212700014,69.28406466512702,94.48818897637796,165,0.7171280487804876,0.04119201845015148,0.03599539847892286,16.56441717791411
sub_30,4,1000,84.49532236244231,5.269005829638546,68.64988558352402,99.33774834437087,225,0.7104151785714284,0.045516499578687766,0.03514237537624914,12.10762331838565
sub_30,5,1000,88.2653251897242,4.567561749156455,76.23888182973316,100.84033613445379,213,0.6799292452830188,0.03662326940204209,0.030235019399766635,7.5829383886255926
sub_30,6,1000,83.48828638249663,4.05390737426952,74.53416149068323,96.61835748792271,204,0.7189507389162562,0.03640329028795307,0.035462223660265496,14.356435643564355
sub_30,7,1000,85.29058059565715,7.4113685961343085,64.23982869379014,123.4567901234568,280,0.7038602150537635,0.0624439978028513,0.042460222604187116,16.906474820143885
sub_30,8,1000,84.36931502731294,4.532673347473898,70.01166861143524,94.9367088607595,202,0.711407960199005,0.040216487996647406,0.03905854579986305,16.0
sub_30,10,1000,83.63234798157534,5.053766606887902,70.58823529411765,102.73972602739727,141,0.7176857142857143,0.04425850777199884,0.03670296873100411,16.546762589928058
sub_30,11,1000,85.69757244328183,7.827536115426756,65.93406593406593,166.66666666666669,1370,0.7005062089116143,0.06309820627929269,0.04582892323280532,18.201754385964914
sub_30,12,1000,87.55706142531122,6.264196628687556,70.4225352112676,102.21465076660989,174,0.6849595375722544,0.05016220606896426,0.03447884420444541,13.953488372093023
sub_4,1,1000,56.67116926383316,9.229559860047576,45.31722054380664,163.9344262295082,175,1.0621551724137932,0.13935641913347913,0.13252383360734943,61.849710982658955
sub_4,2,1000,59.79997075633644,18.152669933934206,43.6046511627907,196.72131147540983,170,1.018852071005917,0.21190412175141277,0.2468309137851254,69.64285714285714
sub_4,3,1000,56.149730863821425,9.220006552894532,50.76142131979696,182.370820668693,110,1.073422018348624,0.11487354783524596,0.1388696097730476,64.81481481481481
sub_4,4,1000,56.49335681479341,8.07849971648978,39.08794788273616,138.88888888888889,150,1.0648187919463088,0.13814227923156722,0.13164692234215794,63.51351351351351
sub_4,5,1000,54.78242371291288,7.383474874798614,48.42615012106537,137.61467889908258,132,1.0978625954198473,0.1112108075476534,0.114418227434403,41.53846153846154
sub_4,6,1000,57.89320592795055,14.512591950314775,45.59270516717325,184.6153846153846,140,1.0469136690647483,0.18046042161646195,0.18900684367641754,69.56521739130434
sub_4,7,1000,57.43948020950539,9.398663501207093,49.18032786885246,179.1044776119403,188,1.048909090909091,0.13139997831956485,0.1406660806184602,60.215053763440864
sub_4,8,1000,55.43565755638013,5.135486886148105,41.1522633744856,80.0,133,1.0833257575757576,0.10029551005178293,0.10021183669477603,61.06870229007634
sub_4,10,1000,55.656387746111704,13.287150095368295,45.0112528132033,151.5151515151515,93,1.0883152173913044,0.19437083166775204,0.21942176757995568,63.73626373626373
sub_4,11,1000,61.92179320394566,16.465898113257442,30.959752321981426,199.33554817275748,981,0.97820306122449,0.2135675312372931,0.2250248902360371,65.4749744637385
sub_4,12,1000,47.57512499066735,26.650429064081578,7.009345794392523,162.16216216216216,89,1.3512272727272725,1.1883386677442582,1.5824970229312305,95.40229885057471
sub_5,1,1000,60.75648759717079,1.8599291987711832,54.995417048579284,66.2251655629139,188,0.9877272727272727,0.03221511012505575,0.036077723743851056,15.053763440860216
sub_5,2,1000,61.85478684760089,4.338690207603828,50.505050505050505,78.94736842105263,178,0.9703446327683615,0.0665857408855073,0.03943514526178623,17.613636363636363
sub_5,3,1000,59.82587825547632,2.2199913907440365,55.60704355885079,68.80733944954129,118,1.00317094017094,0.03842081224604697,0.033543461257053486,12.931034482758621
sub_5,4,1000,63.645089547575054,2.633885470646796,59.05511811023622,77.22007722007721,170,0.9428816568047338,0.03925335949411876,0.031630681307869404,13.095238095238097
sub_5,5,1000,62.50237249534302,3.0804449855218388,56.92599620493358,75.09386733416771,151,0.96,0.0475069117778315,0.03326364079077511,14.76510067114094
sub_5,6,1000,61.84231145505292,2.7752998539596088,55.504162812210915,73.71007371007371,151,0.9704,0.04411726797222752,0.034584785420041786,16.10738255033557
sub_5,7,1000,68.82279973762043,7.768033175052953,56.92599620493358,97.40259740259741,225,0.8719508928571429,0.09530993754919462,0.03893141030736209,16.143497757847534
sub_5,8,1000,73.57031689350347,6.679028658309782,58.42259006815969,96.0,176,0.8158799999999999,0.07814120844434681,0.04991889974472733,14.942528735632186
sub_5,10,1000,60.029546945888974,1.513331065457343,56.81818181818181,64.93506493506493,101,0.9997399999999999,0.027811371774869354,0.03594959996124764,17.17171717171717
sub_5,11,1000,66.64195363852973,6.910728532865079,50.377833753148614,133.33333333333334,1065,0.9008317669172933,0.08873305666011075,0.05703123370629544,19.943555973659453
sub_5,12,1000,67.79559346087126,5.646740192166859,58.083252662149086,87.46355685131195,135,0.8848955223880597,0.07245907426014742,0.039843019029856826,21.052631578947366
sub_6,1,1000,58.92427489569115,6.648794661430896,47.02194357366771,94.7867298578199,182,1.0193259668508288,0.10972733076028918,0.07865508389304676,50.0
sub_6,2,1000,64.9827308658076,8.187196620605206,52.72407732864675,93.75,187,0.9239193548387096,0.11181445340823168,0.06484297040397526,35.13513513513514
sub_6,3,1000,65.92865807727829,7.121464468222837,52.35602094240838,87.08272859216257,130,0.9106434108527132,0.09933365577568075,0.05700479694727455,33.59375
sub_6,4,1000,68.23360072752423,9.57699643094563,50.25125628140704,93.60374414976599,181,0.8798611111111111,0.12252717448653716,0.06686666462437638,36.312849162011176
sub_6,5,1000,61.87672253719786,4.404769792953933,52.72407732864675,83.44923504867873,149,0.9703513513513515,0.0693310570462244,0.05527500819187858,36.734693877551024
sub_6,6,1000,63.22906770429359,9.093793122305593,49.75124378109453,89.28571428571428,154,0.9501633986928104,0.13317370137822138,0.07687438489270389,44.73684210526316
sub_6,7,1000,60.68919473012917,5.015030782707752,48.192771084337345,75.56675062972292,199,0.9893282828282828,0.08386929650981532,0.06796247845066689,49.23857868020304
sub_6,8,1000,64.01616411449736,7.083429190544418,50.420168067226896,92.16589861751152,153,0.9375723684210526,0.10022780644044976,0.06282083216292493,36.423841059602644
sub_6,10,1000,65.7799050250819,5.56503044640599,57.58157389635316,88.49557522123894,111,0.9124545454545454,0.07458047957665798,0.04528817007369421,27.522935779816514
sub_6,11,1000,66.94328602457905,9.435249133636754,46.65629860031104,188.08777429467085,1070,0.8970149672591207,0.12305576002498353,0.07383373491829476,35.580524344569284
sub_6,12,1000,62.891626097031484,7.344455895864433,48.0,112.14953271028037,125,0.9554354838709677,0.11102282836567556,0.09727782691732013,43.08943089430895
sub_7,1,1000,66.85535356819838,6.322083179308657,54.69462169553327,86.20689655172414,206,0.8984634146341464,0.08518476262490977,0.07621374097710654,46.568627450980394
sub_7,2,1000,68.88356374040255,7.684655092381072,58.36575875486381,147.05882352941177,198,0.8723502538071066,0.09065404850357135,0.08179082953435775,34.183673469387756
sub_7,3,1000,69.85078916768505,6.001455898039271,58.708414872798436,90.49773755656108,138,0.8600802919708028,0.07590428648293913,0.08162233690818306,39.705882352941174
sub_7,4,1000,67.08014192317832,4.442482952557752,57.47126436781609,85.22727272727273,179,0.8950449438202246,0.05997731970444684,0.05556855591770998,28.24858757062147
sub_7,5,1000,67.60319256117944,4.511487719705796,58.47953216374269,84.86562942008487,163,0.8881111111111113,0.060921524100808845,0.06428778464575044,37.88819875776397
sub_7,6,1000,65.53342589879989,4.162069716895533,57.636887608069166,84.03361344537815,160,0.9158679245283018,0.0587337145320849,0.057224021246282016,34.177215189873415
sub_7,7,1000,64.60853032775215,6.001339742597944,53.19148936170213,101.69491525423729,211,0.9296000000000001,0.08283823593808194,0.07251728056719477,43.54066985645933
sub_7,8,1000,64.71613681005022,4.955566085788978,53.76344086021505,84.1514726507714,155,0.927655844155844,0.07096600428759632,0.05806324025819645,30.718954248366014
sub_7,10,1000,66.6354573822624,5.801012715528113,56.872037914691944,90.7715582450832,113,0.9009642857142858,0.07564649087454521,0.06688136599320559,32.432432432432435
sub_7,11,1000,72.14257555762175,11.256536104421084,39.19007184846506,168.0672268907563,1152,0.8329244135534317,0.1268663567679188,0.0931926709191419,35.82608695652174
sub_7,12,1000,70.99391343326356,13.187036254352861,40.65040650406504,101.18043844856662,141,0.84565,0.15675503751303904,0.11051683683051004,33.81294964028777
sub_8,1,1000,73.09315712550365,2.6861001664263613,65.359477124183,79.57559681697613,225,0.8208660714285715,0.030968444635430987,0.018980164297795213,1.7937219730941705
sub_8,2,1000,74.02920738112074,2.8019496353156557,65.78947368421052,81.85538881309687,213,0.8105141509433963,0.031166999778972925,0.018387611737331288,0.47393364928909953
sub_8,3,1000,74.11659847175382,2.0918474213709257,67.95016987542469,78.74015748031496,146,0.8095586206896551,0.023691370715375755,0.01748868681938888,0.0
sub_8,4,1000,71.77665710707953,1.8941829317361156,67.49156355455568,76.92307692307692,191,0.8360105263157894,0.022780644941123106,0.017558217600058528,0.5291005291005291
sub_8,5,1000,73.80291196463071,1.953694822382858,67.72009029345372,79.36507936507937,178,0.8130564971751413,0.02230444649600005,0.01891112587389183,1.1363636363636365
sub_8,6,1000,73.21888775562307,1.787982943408392,68.02721088435374,77.61966364812419,179,0.8194494382022471,0.020663984429276243,0.01569626966371092,0.5649717514124294
sub_8,7,1000,84.53280740964114,7.8177541234752885,70.75471698113208,101.86757215619694,277,0.7097753623188404,0.06674155411105273,0.011481051583132324,0.0
sub_8,8,1000,77.30283355055441,6.875525553662915,65.93406593406593,90.09009009009009,185,0.775983695652174,0.06836327799079343,0.01328522742596312,0.0
sub_8,10,1000,73.36459414784592,6.867694157964242,67.11409395973155,157.89473684210526,123,0.8185409836065575,0.06028200769293881,0.056049122492965085,2.479338842975207
sub_8,11,1000,73.36420455293187,5.4448783927346485,46.72897196261682,169.49152542372883,1172,0.8182912040990605,0.05963352139489819,0.051837335981986976,2.9914529914529915
sub_8,12,1000,70.97652384689223,5.8942942626292965,59.230009871668315,89.02077151335311,142,0.8455602836879432,0.06803986824532737,0.020374178335754868,1.4285714285714286
sub_9,1,1000,73.65859374926505,6.397726992761498,60.79027355623101,95.23809523809524,227,0.8149336283185841,0.07067819394427595,0.05477026768441269,39.111111111111114
sub_9,2,1000,77.82153557898509,6.700749579095145,59.70149253731344,96.46302250803859,224,0.771255605381166,0.06872243615378854,0.05063435432429091,25.675675675675674
sub_9,3,1000,74.32537515168173,7.341735484141577,64.23982869379014,101.01010101010101,146,0.807448275862069,0.0770371098246215,0.043002906878489046,25.694444444444443
sub_9,4,1000,74.14797493726574,6.870725201295267,60.60606060606061,96.30818619582665,197,0.8093979591836734,0.07615515041420758,0.062423286253341925,47.69230769230769
sub_9,5,1000,74.3602650700312,6.465748461139273,62.89308176100629,93.75,179,0.8072640449438204,0.06983836032154873,0.05369573203168087,35.59322033898305
sub_9,6,1000,74.2076631099534,6.817151195330346,61.91950464396285,99.33774834437087,181,0.8089611111111111,0.07324982850862662,0.050630549216520264,38.547486033519554
sub_9,7,1000,78.29935726808311,9.10453816986578,62.17616580310881,101.86757215619694,256,0.7665137254901961,0.08915383712637397,0.05221137384761215,34.25196850393701
sub_9,8,1000,74.98760504358991,6.37363789598954,62.11180124223603,95.54140127388536,179,0.8005000000000002,0.06879657768467554,0.06012684332422244,38.983050847457626
sub_9,10,1000,71.00753952537983,6.62388561618779,61.09979633401222,94.04388714733543,119,0.8456271186440675,0.07897905714788556,0.05873575477414833,42.73504273504273
sub_9,11,1000,75.66046373195377,7.8616251884000965,58.027079303675045,178.57142857142856,1209,0.793510761589404,0.0810367418309269,0.058152322622112985,30.820215410107703
sub_9,12,1000,74.20211531575171,9.00501964617447,61.34969325153374,100.67114093959732,148,0.808952380952381,0.09603303947705609,0.042555121385849465,22.602739726027394
