subject,video,sampling_rate_hz,EDA_Mean,EDA_SD,EDA_AUC,EDA_Slope,EDA_Tonic_Mean,EDA_Tonic_SD,EDA_Phasic_Mean,EDA_Phasic_SD,EDA_SCR_Peaks_N,EDA_SCRs_per_min,EDA_SCR_Amplitude_Mean,EDA_SCR_Amplitude_Max,EDA_Sympathetic,EDA_SympatheticN,EDA_Autocorrelation
sub_1,1,1000,5.729601455952324,0.244232543247111,1063.310869,-4.543592958716556e-06,5.729698477362015,0.24353053826694104,9.381594795651794e-05,0.001492030353841569,202.0,65.30770598600087,0.002363118844709859,0.005868792019635978,5.397169475904545e-05,4.941709072629655e-06,0.9341561772760805
sub_1,2,1000,7.9922808999150705,0.8399650105593032,1383.318672,4.93424525409536e-06,7.98953101220107,0.8259445712083536,0.00022935488875902802,0.04010940477041948,9.0,3.1198904571795034,0.060191726506298636,0.2345409620289176,0.0004986639331809681,2.386253275868489e-05,0.8324745380762233
sub_1,3,1000,7.414770964126506,0.30204853941894416,879.8812315000001,-8.78484050819894e-06,7.414669141707922,0.2996576005832829,0.0007132405737916897,0.005098355910466693,18.0,9.10109803062351,0.004789972308658075,0.018310332823873822,0.00024191121791728462,8.993231571920509e-06,0.9077880169092555
sub_1,4,1000,11.498806476190477,1.5398746202984845,1841.2350425,-3.317752523507724e-05,11.498620448457444,1.5343549684527111,0.0016700231766356344,0.02884887193721189,2.0,0.7494145199063231,0.1896145671625376,0.3752686298069657,0.0004000360316651697,7.389046623871515e-06,0.9374676749037303
sub_1,5,1000,4.844202005167959,0.10871973561925043,703.0100119999998,-2.550936494479752e-06,4.844371954912849,0.10763085089310657,-1.9968095085016157e-05,0.0034843154670425834,61.0,25.219638242894057,0.005329785252734128,0.022768937866218433,5.379829398349719e-05,6.5492609204582895e-06,0.9410209948653984
sub_1,6,1000,7.948540006814309,0.7816923869442569,1166.440128,-1.8318550208574122e-05,7.9489825497700455,0.779808983100876,0.0003167404873654218,0.0030893057217057226,75.0,30.66439522998296,0.0026038318534361096,0.005514438106074188,0.00018712627583322065,6.5215308816064754e-06,0.9205591597826885
sub_1,7,1000,10.869876888324873,5.36575772861189,2141.3553755,8.936044528332231e-05,10.872210377645372,5.3637477682294,-6.346562745357445e-05,0.14002209638542956,11.0,3.350253807106599,0.15553206442928927,0.6997342811790519,0.03070144336320132,0.0034163279420301442,0.9695295618945855
sub_1,8,1000,5.967448813913044,0.30101902746010584,857.8143479999999,4.552889063558082e-06,5.964501036187673,0.29044192852477624,0.000110063289763868,0.02370201403192336,7.0,2.9217391304347826,0.007355215663767784,0.016570519304700434,0.00037389302801741714,3.549248507088182e-05,0.844921415476697
sub_1,10,1000,10.777178146028117,0.8141898222872996,1093.883763,-2.7579705186799516e-05,10.7798235286756,0.809404222780577,-0.0005250833820595149,0.042612998915487685,1.0,0.591127181012995,0.421838107718561,0.421838107718561,0.0005772633124503516,1.1222611617564327e-05,0.9108938614045518
sub_1,11,1000,8.196322091666666,3.3159085902526217,7868.461547000001,2.338608031587964e-06,8.196382344937993,3.2755588604900683,2.8541647515141836e-06,0.3892950339486774,6.0,0.375,2.9269965543952203,13.163598873167743,0.2291581506788558,0.01003528711617535,0.9642348449303022
sub_1,12,1000,7.519361733333334,0.2046948004525979,902.316307,1.0358791891896622e-06,7.520288308831052,0.20201445395775053,-6.531097248002204e-06,0.01164594028689904,11.0,5.5,0.004106259748458712,0.00873239094861044,0.00033769804301663663,1.6361926986120715e-05,0.8260744635721273
sub_10,1,1000,28.33696926442616,3.161540251046133,5258.8324035000005,-5.86277448687247e-05,28.340088214452507,3.1500258807670845,-0.00036960194816984743,0.15704037485684336,3.0,0.9699164255346665,0.765511260406584,1.911054678575453,0.0029673059974487416,9.276474046077604e-06,0.9514402666327253
sub_10,2,1000,18.867806572569226,0.8603152403520338,3265.6775184999997,-1.696459406086237e-05,18.868591748503583,0.8582843645951523,2.97492807463158e-05,0.010714253724210905,25.0,8.666362381054176,0.004630729713817548,0.012439693487568631,0.0007985047987078245,6.745676223928578e-06,0.9472574970433608
sub_10,3,1000,29.561382465217793,0.8404513922735813,3507.9321310000005,-2.1948876170993526e-05,29.56069144390375,0.8204420108627485,0.005738556132878048,0.06345612234572341,4.0,2.0224662290274464,0.06821215575775967,0.19831653460189452,0.004392354739311597,1.1595148352317076e-05,0.8771000397084439
sub_10,4,1000,26.814222163934428,3.3247422340605706,4293.6007295,-7.17555764491749e-05,26.81287467138291,3.313147821747497,0.004189792387011224,0.0437441032382488,1.0,0.37470725995316156,0.0036795340301757906,0.0036795340301757906,0.0016934115090221527,6.376928531817955e-06,0.9353929990195734
sub_10,5,1000,37.70790190525409,1.6917820160895387,5472.319432,-3.193741319614982e-05,37.70060668821554,1.651162766531916,0.001219478012093829,0.24693072538258404,5.0,2.0671834625323,0.8131136739593456,2.2337068577990022,0.009536564214027446,1.6567996083188194e-05,0.8636255772712159
sub_10,6,1000,30.520471679727432,2.5931582056063576,4478.8493735,-6.079872093616196e-05,30.521935658020425,2.5788927048820924,0.003282492053770423,0.03755820584132745,3.0,1.2265758091993184,0.005457294178123784,0.005620244717503081,0.00238527055483606,6.356598248192632e-06,0.919094699094959
sub_10,7,1000,32.7965662284264,1.8571479643233721,6460.890356499999,-2.9136584636276806e-05,32.792505268354496,1.8351134465505166,-0.0007276562223886558,0.22123491629227535,7.0,2.1319796954314723,0.5557634969601016,2.4087269421531143,0.13054452957296395,0.00038042275992988475,0.9145589338232569
sub_10,8,1000,25.363955304347826,1.2631164195821187,3646.0408370000005,8.731033000717071e-06,25.35238858349008,1.2231478019913866,-3.6804098336591307e-05,0.09987751758663724,7.0,2.9217391304347826,0.19854557204448783,0.5753543381144046,0.008936787109841804,4.0966139096492923e-05,0.861515382541338
sub_10,10,1000,33.24851387671058,1.779920848479504,3374.7244765000005,-6.062661971405575e-05,33.25345948407278,1.7671518001461493,0.00101847298231107,0.028757945378404478,6.0,3.5467630860779695,0.03972611922706338,0.2060977012182861,0.005064841692633896,1.1091772214150644e-05,0.8958012597587567
sub_10,11,1000,28.60795038229167,5.743302026905228,27463.599324500014,4.929876345631242e-06,28.608814835454925,5.694170640887206,-5.109879764818127e-05,0.5358768283314361,18.0,1.125,0.7227775124939636,3.123467718345777,0.21455715180461357,0.002283942498520321,0.9695688100438006
sub_10,12,1000,28.768507400000008,1.5056504760109188,3452.1927120000005,-4.1834129395642746e-05,28.773417929635013,1.4933679299385623,-0.0007489617371599606,0.08224689554498975,2.0,1.0,0.007500052818997585,0.010873537516713716,0.01423578617831263,3.664248240931997e-05,0.9104975239451023
sub_11,1,1000,23.003840497243814,1.5029787639621308,4269.099144,-2.7939819128847262e-05,23.003725080532284,1.4978485649315731,0.0014377361864886386,0.03442879575184915,7.0,2.2631383262475553,0.046533007397793535,0.1860752710767956,0.0014396012735368251,7.842415359672664e-06,0.9488949059544025
sub_11,2,1000,18.681107474448673,0.6750563755375241,3233.363370000001,-1.298046739667142e-05,18.68076744341505,0.670399050681694,0.0009372018161491656,0.030209909630421975,12.0,4.159853942906005,0.038911485840854416,0.33869714844836796,0.0007096394622163043,6.026902514633878e-06,0.9416841986870718
sub_11,3,1000,22.23774444453808,0.46409096261756344,2638.8642314999997,-1.3382187381651165e-05,22.239068886784153,0.4577973288553175,0.0002722128208543447,0.03185133891845883,16.0,8.089864916109786,0.02093505560239905,0.07878082503491998,0.004032732839234061,1.752550974087543e-05,0.8861799666736555
sub_11,4,1000,23.55445312724434,0.9879166614813483,3771.6334355,-2.0772423552919236e-05,23.55542384052989,0.9775438210752739,0.0007737118987330162,0.07432802494394189,6.0,2.2482435597189694,0.20572315377416184,0.7847039175673488,0.010721881398780478,6.603234216001891e-05,0.9018048671512214
sub_11,5,1000,18.463809322997413,0.3243647698098362,2679.5417024999997,-6.354884020586522e-06,18.46447818677538,0.3150097297095956,0.00026095793496260324,0.042431800219792974,4.0,1.6537467700258397,0.14803012837639234,0.4194869580954875,0.0020806903436455214,1.7067518255192648e-05,0.8511175017542643
sub_11,6,1000,17.583161362862008,0.7069384495322796,2580.3112220000003,-1.66228720710228e-05,17.584108924800447,0.7039957366726682,0.00011849699747321615,0.01152947443883629,24.0,9.812606473594547,0.007214121859260465,0.05862679010053192,0.0007451237503177838,6.563356115898052e-06,0.9157967656400036
sub_11,7,1000,23.556201329949232,2.959441534097331,4640.548158500001,4.934407617522375e-05,23.563725714270177,2.940299747869076,-0.0005379293645834649,0.27319678743531933,11.0,3.350253807106599,0.7732834384589473,2.063160416000468,0.09855267644186898,0.0010671837904796112,0.9365509866517613
sub_11,8,1000,22.221240173913042,2.4269482420134434,3194.2813305000004,5.737514185563681e-05,22.217972758660515,2.4079708310016215,-0.000755760346142491,0.19236313996365853,18.0,7.513043478260871,0.38098308969321487,1.535367889885595,0.03039282515150942,0.00026347096223395926,0.9115274500901887
sub_11,10,1000,27.582025901222654,1.0963215649761893,2799.57584,-3.4254980909094626e-05,27.58801155035994,1.0275050544619304,-0.0027205103624526822,0.11791157955375194,5.0,2.9556359050649745,0.4241014911782954,1.1176538808315089,0.004671197840335157,1.4583883995239098e-05,0.8925096187632823
sub_11,11,1000,21.559584469791655,3.123305269339122,20697.178652000006,-4.902083078927477e-06,21.558640255355197,3.0839445506103043,-8.175035616805671e-05,0.3798289408125335,11.0,0.6875,1.9436368393341028,8.77333910708645,0.11792729889320622,0.002560027337283294,0.9577693084225831
sub_11,12,1000,16.496270175,0.17615562290335604,1979.5355130000003,2.47594603936222e-06,16.48889622172529,0.12980280820179216,0.00012431553510013107,0.049486696818778694,10.0,5.0,0.12424042303382339,0.3768282128312228,0.005142995623573428,4.293480705134769e-05,0.4850514985351763
sub_12,1,1000,37.60301392368913,1.881591653169104,6978.4426685,-3.4513703181041295e-05,37.6040180932715,1.8727393129247973,0.000742198962454377,0.06586910924756736,11.0,3.5563602269604435,0.026860399282115963,0.23334028703566478,0.004550317928479848,8.8938732142989e-06,0.9338071799972566
sub_12,2,1000,8.086736334590919,1.8659872488785632,1399.665628,2.3874764009910833e-05,8.075231365452467,1.828746130249633,0.0009962752928220793,0.07421594491222128,10.0,3.4665449524216703,0.031858519695533834,0.13127610363673953,0.001314687183256877,7.04906442384606e-05,0.8666396495230149
sub_12,3,1000,20.07766521442355,1.4449986086167412,2382.5362455000004,-4.162803790589437e-05,20.080096745189383,1.4333005659174576,0.0015151098871618717,0.029269444121152278,9.0,4.550549015311755,0.012151557724308697,0.02767220203508443,0.0019721951169762763,9.32905182188516e-06,0.9123128062149924
sub_12,4,1000,13.119301864168616,1.663559969619987,2100.7152695000004,-3.592374697817678e-05,13.120263196183728,1.6570261070793035,0.0008953812262102476,0.014478502465500776,9.0,3.3723653395784545,0.007195340118759173,0.01021761300148447,0.00047931498778572637,7.4166725344754804e-06,0.9339637832745522
sub_12,5,1000,27.886785295434965,1.1973107868857218,4047.0422184999998,-2.7740509675123644e-05,27.8837564155421,1.1789087595897572,0.0029560925938345054,0.11065280305815962,9.0,3.7209302325581395,0.08571508098163932,0.7113553658640507,0.009531263290647983,3.1848719983591014e-05,0.9104163133944381
sub_12,6,1000,13.132433901192506,1.5027852921601348,1927.1715975,-3.5390771635184993e-05,13.13381508656388,1.4960975882691478,0.0006562266777972758,0.00792038636944731,123.0,50.28960817717206,0.007083914958962668,0.07259830575493302,0.0004629913359996752,5.957309970700695e-06,0.9225693799522996
sub_12,7,1000,34.75676142639593,9.954750246591912,6847.052433499999,0.000164400216301854,34.75544167459132,9.946546465569458,-0.0012247210734517343,0.13448690716065673,24.0,7.309644670050762,0.0816023609975153,0.39564196714313454,0.04281128356598918,0.0005430965618914549,0.9432926925514385
sub_12,8,1000,16.082391923478262,6.716819451917078,2311.825058,0.00015838784294236558,16.059430171596965,6.668294977261987,-1.8257509018544425e-05,0.16611339668338465,13.0,5.426086956521739,0.05161865338885466,0.2050878071794885,0.03360674769449705,0.0017704901608587794,0.9204555978393665
sub_12,10,1000,21.154732948443858,1.0307526570245447,2147.2060550000006,-3.408916412426496e-05,21.15354625645332,1.0031610404437632,0.004383129134530873,0.10065391800007462,7.0,4.137890267090965,0.17346800162934203,0.8615718577427864,0.004018013721305904,2.1012397854679396e-05,0.8894603160487778
sub_12,11,1000,20.848913343750006,10.917852248320896,20014.9268325,2.4764578001697044e-05,20.849415472155282,10.809792022771331,-7.137656826275708e-05,1.1665011321092544,10.0,0.625,6.816408673739505,33.8297685266231,1.5117520547015977,0.008744726424524098,0.9651736394398903
sub_12,12,1000,33.38021103333333,1.4656223871498868,4005.592232,-4.0790805167612034e-05,33.380564666035916,1.460049836508136,-0.00038680853961756535,0.06869396555653069,7.0,3.5,0.0604696037415273,0.32909010286295604,0.007462538362014077,1.330847852217965e-05,0.9480854259713695
sub_13,1,1000,29.61972278172031,1.2835041586966558,5496.886292,4.233451466238016e-06,29.614144865997016,1.2278680771104766,0.0003896466664943112,0.2276132903161278,11.0,3.5563602269604435,0.19580771977923722,0.8134307125918172,0.05798468237514164,0.00019064503413795855,0.8905842434577343
sub_13,2,1000,28.223388576578866,0.6936842746638037,4884.961526,4.63653869979027e-06,28.21338788377536,0.6450212738403933,0.005419416189742013,0.17714644863717327,16.0,5.546471923874673,0.310576639639648,0.9614933249904334,0.023074718718033738,9.32009245326242e-05,0.669353744023504
sub_13,3,1000,25.443066909924408,0.858861976083206,3019.2282010000004,-2.199826970985569e-05,25.4354925555779,0.8233023501931954,0.007936819029536633,0.14885180180834603,8.0,4.044932458054893,0.09927142222078608,0.41721593081943087,0.04363187110016217,0.00014714308879361195,0.878039343070076
sub_13,4,1000,24.54778343169399,1.6499121442999543,3930.689106,-3.537339938007309e-05,24.549455738784822,1.6389488735056075,0.0010213599546359117,0.04178100149797956,6.0,2.2482435597189694,0.08912405453570084,0.30904384008770563,0.0020126736171890694,1.031970653390005e-05,0.9113374256183364
sub_13,5,1000,26.487683548664943,0.8470187955776575,3843.9987125000007,-1.832181778074308e-05,26.48948431075493,0.8138100605414161,0.0014727086428140883,0.12419419374801012,8.0,3.3074935400516794,0.22841137101052442,0.9882180698721684,0.01761821802027923,6.972875566535315e-05,0.8566144951002391
sub_13,6,1000,25.80791747189097,1.3641618913940792,3787.285824,-3.144040985926616e-05,25.807424943029435,1.3505220312969806,0.0027164125003841678,0.04004436804960939,4.0,1.635434412265758,0.012579778646968937,0.018920910684411457,0.002207375367556639,8.582566061403094e-06,0.9122713500039106
sub_13,7,1000,32.82255408629442,6.251714658671676,6466.0127410000005,9.144745496853733e-05,32.82690537227956,6.234415501042607,0.003013251216685011,0.3415981588105263,17.0,5.177664974619289,0.1831167989603596,0.9408843719934777,0.24975702827501947,0.0008623040654406688,0.9561747658581954
sub_13,8,1000,30.898955499130437,3.2830374056933027,4441.6938385,7.115643011100154e-05,30.887916834948115,3.234380700079733,0.006321080835381613,0.45132668623336347,16.0,6.678260869565218,0.8654226207539857,2.4151932911256724,0.2416315088360266,0.0009716142568326132,0.8755552159921712
sub_13,10,1000,30.768873153959074,1.4507325794481616,3123.040201,-4.72634777463403e-05,30.775656696655243,1.4328840264660005,-0.001834095498993157,0.1520245926117394,7.0,4.137890267090965,0.17366144859729557,0.9177521161250569,0.008944723840749937,2.318133085475362e-05,0.8949027481726993
sub_13,11,1000,26.58995410104166,3.797726030698139,25526.3288135,-4.123055816487996e-06,26.585265993204104,3.7365359324389273,-0.0009435806013319147,0.5362017432605902,10.0,0.625,2.775562117522731,15.73851915684557,0.24173787935930283,0.0028719396654777293,0.9484755624897705
sub_13,12,1000,31.420657133333336,1.842655465347709,3770.4454825000007,-5.082052777369738e-05,31.421792907205308,1.8389062331979242,-0.0032522681269518405,0.15563910241464962,8.0,4.0,0.27902603516721214,0.7937114443090842,0.04236300652898885,7.891029784699638e-05,0.8367159464116348
sub_14,1,1000,32.19148427927127,2.3191856516171363,5974.15933,-4.086030592145916e-05,32.19535284632649,2.3077292140949126,-0.0007583542304341025,0.12444953976657848,4.0,1.2932219007128887,0.3826518772840185,1.4248303152535033,0.0026708140324276444,6.64394127121828e-06,0.9387707547691932
sub_14,2,1000,28.106023243183902,1.8733073102289082,4864.644720500001,-2.223240392516412e-05,28.11133656141103,1.8380243766856956,-0.0009767375883213488,0.2414205556647203,8.0,2.7732359619373366,0.7123773620758318,1.667862270658808,0.05560293714151364,0.0001580368666115975,0.8964377409343987
sub_14,3,1000,24.603052541987246,1.4420563846676153,2919.5457730000003,-4.1935148235075084e-05,24.60508959327988,1.4327535373378153,0.0008030496804252501,0.0076548095118294905,124.0,62.69645309985085,0.008296559907194842,0.02020950279311233,0.0029395653738830134,9.387781397671477e-06,0.9041303127163941
sub_14,4,1000,28.826407612802495,1.6535669163643603,4615.7960395,-1.862033150632995e-05,28.768742569321176,1.416285644937289,-0.0012498186982854288,0.35145130307409234,10.0,3.747072599531616,0.7454770608311699,2.5417844555144886,0.054605491053364076,0.00023135065769796606,0.6866646233857593
sub_14,5,1000,19.269760957795008,1.5732844104389205,2796.5013830000007,-1.4893135798909053e-06,19.25277654382469,1.475229327033923,-7.24585354678636e-05,0.18841005476523093,2.0,0.8268733850129198,1.0003619040528593,1.994143770150672,0.000936195836801454,6.377406756021878e-06,0.7553639818918271
sub_14,6,1000,35.80835184327087,2.5820630731700027,5254.840350499999,-5.846139461495076e-05,35.795484460497185,2.5035893724678866,0.01701902752553291,0.3046890659196642,6.0,2.453151618398637,0.8805660547268989,2.3760140437182717,0.18388310711104586,0.00040375632484345526,0.871638972384638
sub_14,7,1000,39.823851670050765,5.766410512850603,7845.261219500001,7.910421638931075e-05,39.82595362319869,5.635887829913787,0.004623148521295215,0.8424818627733724,9.0,2.7411167512690353,2.5123495268142,7.3774397555783535,1.697901815257507,0.0042545112879847045,0.9248467471332371
sub_14,8,1000,31.13743054608695,7.076901562833258,4475.9673945,0.00010221666469678405,31.073512843183597,6.825197622978721,0.006016608052878595,0.948133895418864,7.0,2.9217391304347826,3.3336598906564134,7.593119575682366,0.431207475903078,0.001921034146740117,0.8515139866531799
sub_14,10,1000,29.072676505650186,1.5714552254115537,2950.8779430000004,-4.410597799892524e-05,29.066510015745752,1.4279096958193036,0.013846133170819695,0.4182471222113626,7.0,4.137890267090965,0.8952833925137665,3.2899096529354317,0.47284978435663827,0.0018457116934803492,0.7410789292001537
sub_14,11,1000,31.884866655208334,6.479869712049051,30609.448606499987,-4.264595106413815e-06,31.885261330358507,6.374419226049667,-0.0001863393638301164,0.8952461127415702,17.0,1.0625,4.103145714187165,26.365503290552834,0.7586700032136131,0.007697940159176781,0.9488294711848116
sub_14,12,1000,29.670545425000004,2.132527822394486,3560.43964,-9.224141018638407e-06,29.680602398041255,2.0645327270183276,-0.004165593560688695,0.33447768118064547,3.0,1.5,1.5927127583190426,3.1783852380971593,0.06371301845593247,0.0002060971290639535,0.7867350344610737
sub_15,1,1000,14.025647112073841,0.6871690015519694,2602.9076675,-1.1632256794179506e-05,14.027313286341585,0.6820497926661652,-0.000448974611454816,0.037037862966870914,8.0,2.5864438014257773,0.02148748729797655,0.113380585631473,0.0019009191150921123,2.8734348273485934e-05,0.9222810659911902
sub_15,2,1000,41.052849072410346,1.1712725332506648,7105.509168500001,-3.3715677228731165e-06,41.0575532888022,1.0630467817347846,0.0001197748054411528,0.27516003280800566,7.0,2.4265814666951693,0.5864439012198669,2.2076767616617308,0.0942726205428747,0.00018881039545804302,0.7414096180348794
sub_15,3,1000,19.73750386375319,1.3806180990779766,2342.1703955,-4.002873784000277e-05,19.739991878268615,1.374550636348664,0.00047117948044518695,0.012255969236425574,28.0,14.157263603192126,0.00551369582439254,0.015110425640057861,0.001985737304427908,9.42158878576522e-06,0.8982219329457111
sub_15,4,1000,34.31894836533958,2.9111848012865393,5495.28733,-6.284561018338659e-05,34.32306990243899,2.9025081991111934,0.0001629046523950283,0.03093271250303328,5.0,1.873536299765808,0.006516063884823733,0.014082213556923835,0.004728408133891548,1.2117218351497303e-05,0.9201737506406596
sub_15,5,1000,14.974693367786392,0.4460291986816552,2173.186837,3.854929797605363e-06,14.975406626369683,0.43692728502122447,9.028456294337263e-05,0.05909275382044423,8.0,3.3074935400516794,0.013887928752712136,0.033184300385193446,0.003301939936570733,4.7714465074187783e-05,0.8645457761832851
sub_15,6,1000,36.733078364565586,2.095730745051323,5390.5426155,-4.8988620197442616e-05,36.733942792154636,2.0927168722304685,9.294061421149749e-05,0.03357767380342591,10.0,4.088586030664395,0.008625785202571673,0.020534750155650622,0.0031689890942488987,6.132686528683074e-06,0.9256398914433746
sub_15,7,1000,36.39104905583756,11.934121408480598,7169.0029135,0.0001937414801833204,36.40531713264076,11.887356406156389,7.060761053367168e-06,0.7039029226406901,12.0,3.654822335025381,1.701203267252194,5.407390929851942,1.1656959114838252,0.0032723986676970167,0.958058906528903
sub_15,8,1000,32.57322450086956,3.4335468360332793,4682.365525,6.20042985234672e-05,32.53753655464552,3.2743079022390753,0.0037444339943674245,0.488310304060607,8.0,3.339130434782609,1.1412837234228843,4.004447060810936,0.13631361204187745,0.0005544383061629556,0.84359902349032
sub_15,10,1000,34.77980503640358,2.683252258767171,3530.1507024999996,-9.125120232450193e-05,34.78275660780231,2.6472073305578703,0.007059455170997202,0.1437541964410646,3.0,1.7733815430389848,0.6523013313629521,1.1160807545399396,0.008952721456296359,1.641125375100082e-05,0.8809069386077395
sub_15,11,1000,29.539246192708333,11.418165606767824,28357.641203000006,2.6677243410477218e-05,29.540071272719103,11.348153267786413,-0.00010352116979174666,0.923515540545583,8.0,0.5,5.802789218296417,28.091774965087875,1.184214661646735,0.007675211129476467,0.9807768785284201
sub_15,12,1000,33.316627858333334,1.0358369131056524,3997.9631124999996,-2.369169278117098e-05,33.319749107573315,1.0061003582652581,0.0007457127330979098,0.1180527919248849,5.0,2.5,0.17736415724086607,0.8710110211828599,0.05034107318317008,0.00011621482240012757,0.876916067766465
sub_16,1,1000,14.695599268251943,1.1228917460873913,2727.2382615,-1.3795942610493318e-05,14.691378850910853,1.1086645342883898,-0.000979658311370436,0.08292158651089764,11.0,3.5563602269604435,0.09060087010152347,0.5578416593228093,0.0013679505106746499,1.9310259020639088e-05,0.9620710989341027
sub_16,2,1000,19.196130313202335,0.9621043982544459,3322.504067,-1.8136173482883333e-05,19.196578928635887,0.9608503010518474,-0.00032013439682443396,0.029387013370619726,6.0,2.0799269714530024,0.03771135972962251,0.2026375257254439,0.0019101268885160765,1.5246256423729732e-05,0.9425883947548169
sub_16,3,1000,18.235172095022204,1.4055160216962213,2163.8950075,-4.089338554366676e-05,18.238894971645212,1.3990162801976653,-0.0001477309096485073,0.02709874938070899,22.0,11.123564259650957,0.02406889473208261,0.22961911761289583,0.0015430898052224893,8.807176891074656e-06,0.9111783676360562
sub_16,4,1000,11.727189364558939,0.44648720082107135,1877.8045664999995,-9.405709807173445e-06,11.728365347657801,0.4441678625513861,-0.00047079910845287633,0.013402085110615289,33.0,12.365339578454332,0.009513967929543315,0.024974881819721066,0.0007786711618561281,2.0486815712035905e-05,0.9229672098894042
sub_16,5,1000,23.877135111111112,1.380023632749599,3465.1454655,-3.198625886684577e-05,23.876863129905967,1.3587155911011926,0.003199564775714694,0.12797089134186374,10.0,4.1343669250646,0.3014311068738834,1.1645253555391193,0.013261079910969456,5.631657890680741e-05,0.888938504111123
sub_16,6,1000,14.612585165247022,0.7081314164365932,2144.382177,-1.6672064314462704e-05,14.612984422047347,0.7054439001889192,0.00038116687527013084,0.0059932475031009656,95.0,38.841567291311755,0.008687282906179615,0.02116882733135187,0.0005282050841519336,6.495026642318289e-06,0.920949005437108
sub_16,7,1000,21.7554775888325,6.093897556277205,4285.8087725000005,0.00010081239201266367,21.7569644811872,6.08160658745682,-0.00013937576751943466,0.29558935274875847,19.0,5.786802030456853,0.5865049577292215,2.089338761408901,0.16046541939973943,0.0023983956870095675,0.9609607796856977
sub_16,8,1000,13.191615046956525,1.5778418767855387,1896.280369,3.558494203360245e-05,13.178842634156668,1.542508924559273,0.00043469707748531737,0.11509408377402504,15.0,6.260869565217391,0.1127880290759336,0.7562855060613712,0.014995080138773624,0.0003959936511363621,0.88568351011498
sub_16,10,1000,27.817338745431087,1.3858591420485522,2823.4599934999997,-4.726380815738814e-05,27.821908625268726,1.3772957791688567,8.740821472003112e-05,0.009845982480849468,36.0,21.28057851646782,0.005127237946859766,0.009926622806710679,0.0037567215780784863,1.1943758066633491e-05,0.8875005988815168
sub_16,11,1000,17.73149505833333,5.243676484081264,17022.209572499996,3.2937804360971478e-06,17.732026014511163,5.200525024970729,1.263522250182002e-05,0.49638186896125186,9.0,0.5625,2.757143549329748,15.98219392474482,0.24232917835243004,0.004186973759195292,0.9671853525090253
sub_16,12,1000,20.504797958333338,1.0515250624152988,2460.5544450000007,-2.9193880289872083e-05,20.501300324933673,1.0498108391831455,5.828472510312395e-05,0.09562487447648421,8.0,4.0,0.18948806013509942,0.47310772640446297,0.006137041110227955,2.8878672820887366e-05,0.907058936743
sub_17,1,1000,18.535242883238226,0.37801765086255357,3439.807353,-6.78402930963556e-06,18.536049151568175,0.3768107102779521,-0.00038628547745175586,0.009791960504356203,84.0,27.157659914970658,0.00695437335517158,0.01378606062420841,0.000614833642557126,5.8899782619343385e-06,0.9418950922665341
sub_17,2,1000,13.859854792209514,0.25127680284225185,2398.891154,-3.231529555106039e-06,13.85992165561176,0.21684588796624757,0.0001624946467612562,0.013600757609914046,1.0,0.34665449524216707,0.49010609801369115,0.49010609801369115,0.00036075809185216333,6.1225316862962136e-06,0.9286987238913712
sub_17,3,1000,22.69093292996368,0.7880271164679901,2692.6422445000003,-2.2987342304863852e-05,22.692526644831176,0.7844280930438841,0.0001298973570812955,0.004957176186093295,99.0,50.0560391684293,0.004039790564010601,0.010316881840058315,0.0023277481159379053,9.480262369824945e-06,0.9011933005114584
sub_17,4,1000,17.187128124902415,0.9318188516379404,2752.0715375,-2.008949967877257e-05,17.187933659865966,0.9297431775347611,0.00011712864622699927,0.006315429268783053,63.0,23.606557377049178,0.008777551650061128,0.030351043424065263,0.0006095968321486409,6.629288842306504e-06,0.9231805894600514
sub_17,5,1000,30.588132706287688,1.5804903551328968,4439.071768000001,-3.6353286777718755e-05,30.590851780525718,1.572505945990939,9.538773601314979e-05,0.05421180449569359,3.0,1.2403100775193798,0.01269856043512689,0.018568531362106178,0.007794668727188078,2.090961716837899e-05,0.8959881086867566
sub_17,6,1000,29.628834998296426,2.899495879652231,4348.0024175,-6.826793389347093e-05,29.633410344061836,2.891834435499079,-0.00013857932484147824,0.014606406545094288,72.0,29.437819420783644,0.010222294873397769,0.021207493319945425,0.002424153738426579,6.396117724018842e-06,0.930071966856121
sub_17,7,1000,34.859299964467006,3.5444086197649334,6867.2484485,4.917612324638419e-05,34.86187798972607,3.511030147867572,-0.0004827878013696808,0.23133246411062874,7.0,2.1319796954314723,0.29729966018479265,1.6516572174217665,0.1568456847576012,0.0005233623673051294,0.9478842034016892
sub_17,8,1000,17.084109509565216,1.884348804868052,2455.8205165000004,2.873460794059157e-05,17.06503405396234,1.8163464277380812,-0.00011693346896315629,0.06948403894532953,7.0,2.9217391304347826,0.045237974150720804,0.1894238230226997,0.0008657788671251815,9.346955473280678e-06,0.8256964916248392
sub_17,10,1000,38.816615412656034,1.5853247587314325,3939.8867835,-5.329716974354566e-05,38.82293279134762,1.575037685214292,-0.0012957549138929681,0.05940857182507795,4.0,2.36450872405198,0.10823208135422864,0.4161587043855365,0.008661337445673285,1.3863744332949063e-05,0.90834211751357
sub_17,11,1000,24.9070345375,7.337307482864888,23910.7278345,-1.838489920517684e-05,24.90716622347588,7.3070117252442675,-3.5794321763616595e-05,0.48544126298702067,9.0,0.5625,2.1044271827641734,8.422560401399195,0.21751281783929602,0.0026090922652605947,0.9786393853602363
sub_17,12,1000,13.571308866666666,0.27646171272236275,1628.5430935000004,-2.5683982769200127e-07,13.570497903702847,0.2710802808181972,0.00014009093736400916,0.018842714886945073,42.0,21.0,0.008892320833035266,0.12707693371566478,0.0007888432316684421,9.743448339360544e-06,0.8706286352582742
sub_18,1,1000,11.422280607598756,0.5174833966976615,2119.7697709999998,2.6108191457779802e-06,11.419902989362852,0.49707602061878714,-0.0011155150842272138,0.07784593060890423,13.0,4.202971177316888,0.16013590198886116,0.599226205338685,0.006400328493959315,0.00021413586881511296,0.8476949787698853
sub_18,2,1000,16.481451650364274,1.3229878880494657,2852.6428965,-2.4186203059594755e-05,16.484465287252142,1.317766758112578,-0.0025606164676436486,0.07760087492644586,7.0,2.4265814666951693,0.15686350214842834,0.8695111615613962,0.0012199633267586832,1.2211386314959863e-05,0.9655630574636761
sub_18,3,1000,16.734256018943768,2.4300802397989862,1985.786152,-7.008933568258326e-05,16.742870005544752,2.4299632410400127,-0.004243816728523641,0.06643314959510073,10.0,5.0561655725686165,0.00997289881207033,0.018051804849268382,0.002526626649406295,1.3014117210789857e-05,0.8832268061872586
sub_18,4,1000,17.28880593911007,2.99738205853161,2768.3516355000006,-6.360868815182147e-05,17.29051403490715,2.9942006837256043,0.00012209009148715226,0.02003458436679458,26.0,9.742388758782202,0.013451267666138255,0.024879778590327743,0.001329969616980498,9.133142528934029e-06,0.9228217403755267
sub_18,5,1000,20.853254745908696,2.3549474457186452,3026.3097515,-5.109086046679307e-05,20.86334936799201,2.319030660420132,-0.00711119079228395,0.2901634787497033,6.0,2.4806201550387597,0.9739055790541201,3.2102322149557994,0.020284318184171406,0.00010443033520445138,0.9170005538878736
sub_18,6,1000,13.34636796592845,1.4731559118995585,1958.5658815000002,-3.453657684526276e-05,13.3480804886951,1.4693818823178444,-0.0002855124240982934,0.0360742737019613,2.0,0.817717206132879,0.13180418583809245,0.25019383157904324,0.0018829506636405216,2.4789738548971236e-05,0.9198320713852636
sub_18,7,1000,27.525997852791875,3.4109695802991786,5422.595035499999,4.3716335361118635e-05,27.5320604515482,3.272101864815952,-1.6552263586843022e-06,0.8177743876062441,21.0,6.395939086294416,2.0100331908145925,5.728405346082917,0.8869528945435159,0.0034359031084834927,0.8675583863845944
sub_18,8,1000,19.20117101217392,4.208314686488504,2760.1477560000003,9.468401301496747e-05,19.179807333179337,4.108122383432602,-0.00025638868329375564,0.4997879162604233,8.0,3.339130434782609,1.3933051732157302,3.838873878487051,0.06050627022656538,0.0011308611129701401,0.8633174592681732
sub_18,10,1000,20.745312765391475,1.9637768884570999,2105.649026,-6.68835169736542e-05,20.744676478134192,1.9538828189533481,0.0028467915268072103,0.03454646698959485,19.0,11.231416439246903,0.020241651575166986,0.06198122264289983,0.003975717005008607,1.9566137198577757e-05,0.8821379454546291
sub_18,11,1000,18.336278154166674,5.345607019762724,17602.8077285,-3.947027840918948e-07,18.33604377118251,5.261557782323295,-1.2490588946291869e-05,0.6668415693627245,16.0,1.0,2.0220789224407465,15.395851459278052,0.35694453339927407,0.004686393525378851,0.9544848623129778
sub_18,12,1000,16.26664853333333,0.6989490322175493,1951.9801045,-4.7764384698323685e-06,16.244052476265658,0.629273453395316,-0.002332349133037631,0.18959154971062867,6.0,3.0,0.6220110600946334,1.4449166981423376,0.06840855048869532,0.0003850262257971966,0.7134792063990222
sub_19,1,1000,14.73862512191311,1.7837305444615585,2735.220222,1.6541498697079142e-05,14.723925092581657,1.7238780108842517,0.0003415612686748713,0.09421190529058093,7.0,2.2631383262475553,0.185889836518388,0.8643448018898519,0.0016759834145794687,2.6564211952522355e-05,0.8263919306291492
sub_19,2,1000,18.494899418198205,3.063130430257621,3201.130375,4.417438120656409e-05,18.488848301357024,3.039677641950954,-0.00011594988957939253,0.10577161454168992,8.0,2.7732359619373366,0.07250360913236306,0.5076658232970201,0.006282940900613651,5.9893620944883176e-05,0.8870580615782475
sub_19,3,1000,19.248660672301487,1.198165906723542,2284.1614574999994,-3.493891201530019e-05,19.25152071492598,1.1947954338710747,-0.0004919159865348242,0.004487678410194026,112.0,56.629054412768504,0.005542829918235368,0.021357916724675234,0.0017657599969216192,9.123243756678811e-06,0.9006752200671341
sub_19,4,1000,23.66723287431694,2.4245398983911466,3789.692748,-5.19930089753061e-05,23.668275034793812,2.4104377362634137,0.0015969802692586872,0.10993909347677028,1.0,0.37470725995316156,1.1582335350237263,1.1582335350237263,0.001414188196407574,6.7097502313786425e-06,0.9407362811136066
sub_19,5,1000,34.07825555211024,1.8169490289391408,4945.5727495,-4.2444146737975844e-05,34.08245568164602,1.8055403630135967,-7.527639236834241e-05,0.0645124980870855,3.0,1.2403100775193798,0.006633517399136669,0.011564753353984103,0.006646048965872755,1.3879398750603914e-05,0.894783422959022
sub_19,6,1000,24.497231959114135,2.816249388400014,3594.9448879999995,-6.640275970490262e-05,24.4954983983018,2.798628708821167,0.005766668794998383,0.06158986858656285,1.0,0.4088586030664395,0.010506963251394053,0.010506963251394053,0.0018508985385813257,6.6425665573558295e-06,0.9244712942940542
sub_19,7,1000,31.65529137563452,8.01453971372669,6236.061370999999,0.00013375146491475845,31.657024192132127,7.97849048049168,0.0004667952412516138,0.48424149249216836,8.0,2.4365482233502536,1.236090591619643,3.46498099916995,0.4674682241376588,0.0019748874883479405,0.9495031098963581
sub_19,8,1000,16.873350260869564,3.233716000217346,2425.5233655,5.498401023138238e-05,16.859351660084577,3.1818876324443144,0.00023197080825952308,0.19681739674959634,6.0,2.5043478260869567,0.380176476847856,1.6979462711945978,0.009853202606657754,0.00011956051734696971,0.8871386841983735
sub_19,10,1000,29.19275611077723,1.3657888865570533,2963.065047,-4.641931883866442e-05,29.197381536804222,1.3556403479142811,0.0003718506401020843,0.026211242749699833,14.0,8.27578053418193,0.020289533900108094,0.1389189335187733,0.004509853899026154,1.2787602376791195e-05,0.8951981600530928
sub_19,11,1000,24.137227726041676,7.160886382691232,23171.717329000003,-8.209632410923006e-07,24.13761969755977,7.068641270273351,-9.583995074119424e-05,0.8531437621128225,9.0,0.5625,5.120547659292339,24.849161094960436,0.6061058943922608,0.004786447119171776,0.9613936525262715
sub_19,12,1000,27.67326545833333,1.0206603152241887,3320.7639595000005,1.9279156648952185e-05,27.673251716297777,1.0062712140924834,0.0011780456784966536,0.10226035269459789,9.0,4.5,0.012453936358496223,0.03833593890812001,0.016962937108577297,6.632601251866985e-05,0.8122322694592781
sub_2,1,1000,19.441476579212534,4.323089005910535,3607.988796999999,-7.643706652206425e-05,19.43357009403901,4.297748778316618,0.006350384232944403,0.23458097499146052,7.0,2.2631383262475553,0.6559116008804996,2.2654843972798155,0.007814967742205789,3.079938907523307e-05,0.9634030421891994
sub_2,2,1000,22.22319539758382,10.280720810164318,3846.4392659999994,0.00018516093946463453,22.2298698867957,10.270283724453042,7.10320148085283e-05,0.4175904981644483,17.0,5.89312641911684,0.7811328758930715,2.1963642362861595,0.2914774741591257,0.007193608648288951,0.9653225767560821
sub_2,3,1000,17.709852511650244,2.4262470322850955,2101.5603539999997,-5.479859639765388e-05,17.722895075704365,2.3747224169499783,-0.006631031863212392,0.2931414675381,3.0,1.5168496717705848,1.6723020277757223,2.2131492273947893,0.1958760456441718,0.0017076230416840864,0.886936399721117
sub_2,4,1000,7.190962829039813,1.1528308202914892,1151.4464510000003,-2.441828590631246e-05,7.189531521633054,1.147378400541385,0.002294393753206303,0.03938001521281857,1.0,0.37470725995316156,0.31966984207705573,0.31966984207705573,0.00018244039306677736,9.0878472216495e-06,0.9559550178097501
sub_2,5,1000,13.20599687166236,1.2949331356625706,1916.5082394999997,-1.8846379148909157e-05,13.201477686983717,1.234173516337054,0.008787997938392307,0.2192395339400506,3.0,1.2403100775193798,0.7065788776927672,2.115389236732512,0.035254873896900976,0.0003679655946399739,0.8407562395322121
sub_2,6,1000,16.3331126064736,4.455540072068368,2396.867073,-0.00010389355705078753,16.328179002983084,4.432044854125261,0.008655542608641558,0.09865901479380967,1.0,0.4088586030664395,,,0.0014700222067778861,7.341488034960466e-06,0.914518847221738
sub_2,7,1000,30.268363817258884,9.135635874364025,5962.848540999999,7.421542561760471e-05,30.270737373750112,9.119410034915436,0.0013980614542995224,0.3681942982571027,19.0,5.786802030456853,0.9540840962725314,2.0645246486719406,0.20698640876883326,0.0014358812801317507,0.9351069237254922
sub_2,8,1000,26.945979255652173,6.445555125112197,3873.4613615000003,0.00013967445073611041,26.91504099015422,6.370308480400928,-0.00018074222740693824,0.6099890794603882,18.0,7.513043478260871,1.3004896842616571,3.168066044698418,0.39469050893589364,0.0025029976296814913,0.899637227746518
sub_2,10,1000,18.89224469709658,3.3208613276576346,1917.5623764999998,-0.0001131028292682239,18.900379942548042,3.309542381017979,-0.00046242218373465795,0.018884631650835697,11.0,6.502398991142944,0.024207086744650174,0.08876849018253052,0.002752229792959266,1.295318575289981e-05,0.8877160848189326
sub_2,11,1000,15.215725359375003,6.84950187368598,14607.084899499996,-2.5922792571189016e-06,15.21570126611574,6.7326229648701785,-2.199246234486155e-05,0.961302724600985,7.0,0.4375,7.483955410307743,22.13472842954182,1.1710690498617424,0.011525623955097422,0.9502280773101041
sub_2,12,1000,25.966001199999997,1.888675571014927,3115.893397,-5.203700360085784e-05,25.966358199032175,1.879198642307973,-0.0012045591496886005,0.153033483052929,8.0,4.0,0.34245607881084544,1.251292285523618,0.015500755324623215,4.065857760323118e-05,0.9224581083461363
sub_20,1,1000,16.897617432631222,0.4827511060519586,3135.8945974999997,-4.620470103458063e-06,16.894300127013807,0.42268964372608947,0.00011313612173229994,0.1659709656982728,12.0,3.879665702138666,0.31475471300622965,2.007571843503561,0.0029061948949646176,3.332432549200346e-05,0.488364339154735
sub_20,2,1000,27.7384006401553,1.0121588557476155,4801.01428,-6.221672413866121e-06,27.707891706677735,0.834254494041276,-0.0014888443286441408,0.3081158794910312,14.0,4.8531629333903386,0.6861607834618665,2.672442380000481,0.12357001293289442,0.0006059418588915869,0.5318215302271619
sub_20,3,1000,18.007369732107495,0.9023436625288461,2136.8628515,-2.6253007974435508e-05,18.00782792278945,0.8938046251954764,0.002031951047325459,0.03050541995941604,5.0,2.5280827862843083,0.114694605824269,0.35268830118167527,0.001520847192487692,9.536520809667028e-06,0.9076321794309271
sub_20,4,1000,23.592391007025757,1.3749115068400652,3777.7082994999996,-2.9428545050772203e-05,23.593250280993843,1.3654184836196432,0.0016305746252339463,0.05163621362916804,8.0,2.9976580796252925,0.12920240063288585,0.42013432859940814,0.00361419041068169,1.9908963980065066e-05,0.9174478556301481
sub_20,5,1000,22.281693815676142,2.512288376603946,3233.6102450000003,4.84620862452471e-05,22.286474413624056,2.4202183917711557,2.5405587672740364e-05,0.480904652602133,13.0,5.374677002583979,0.9607525141820078,2.6889164974760735,0.1981419512292017,0.0012286695930552925,0.8535472511768749
sub_20,6,1000,24.30435504599659,1.7259984581768555,3566.6408515000003,-3.816568728117396e-05,24.290592743242318,1.6369736143260447,0.01641106433334157,0.3374902487372118,3.0,1.2265758091993184,1.2952540281958498,3.8632140109435373,0.015443067608272642,6.071776005178387e-05,0.8394922802328642
sub_20,7,1000,26.764423832487306,2.4057766370374583,5272.565229500001,2.7011759413173174e-05,26.766253432624136,2.2032654505714886,0.006062638705562084,0.7421572881515599,15.0,4.568527918781726,1.89323783151867,5.549639603086117,1.0375537571328812,0.006283729499202417,0.7762323107095475
sub_20,8,1000,21.82403036521739,3.365175568877001,3137.1805260000006,6.82870490649951e-05,21.802533209595296,3.292487064658251,0.0004116689821344825,0.36956054156111484,10.0,4.173913043478261,1.1157001190120996,3.024090924496015,0.08364906933554893,0.0009115617155685087,0.8826183031927686
sub_20,10,1000,30.3418799223653,0.939657494735017,3079.7011485,-2.7130871135354515e-05,30.349773679581663,0.887028180051318,-0.0007212621864793122,0.23495609901133285,6.0,3.5467630860779695,0.6554057401866624,1.5897493300588201,0.028311469476063743,7.531076146970934e-05,0.8072518759000556
sub_20,11,1000,22.476994033333334,4.615600872676482,21577.887014500007,-7.941092618772014e-06,22.473955384400938,4.567442629555801,0.00027150415224716024,0.4909893386465647,13.0,0.8125,2.3618786626469155,11.930240906624661,0.17482177959352038,0.002368092289695107,0.9657295850032237
sub_20,12,1000,25.408713041666665,1.0031863360047233,3049.0201015000002,-2.1579317085579603e-05,25.4120197263909,0.9289416428594625,-2.9446962354234783e-05,0.28545672176285153,5.0,2.5,0.9294207779963166,2.2914973611931417,0.01078142472728927,3.410616414540928e-05,0.7495331319600431
sub_21,1,1000,10.533711218161148,0.20375655583373153,1954.8672215000004,-3.6485966868285957e-06,10.533378034648798,0.19769356569330854,0.0007124627236283252,0.011419198776207846,20.0,6.466109503564443,0.005222297285898941,0.01495743055758847,0.00029511396588754606,8.908961979753065e-06,0.9227927140454916
sub_21,2,1000,10.031617293437252,0.3817634025492043,1736.2919755,3.413401558629335e-06,10.032186650315717,0.38010218494986064,0.0004090844023220799,0.027679789165016712,8.0,2.7732359619373366,0.0031189556879290224,0.006853634831615881,0.00030908937226754624,9.932995531604784e-06,0.9098714156780795
sub_21,3,1000,11.20121943758585,0.17028790034644592,1329.203964,-9.146570218613532e-07,11.196142552158056,0.14454528678766249,0.0012531699565918877,0.05029307497730924,8.0,4.044932458054893,0.009261961223474323,0.03043351784530178,0.007077010966712364,0.00013922690431152684,0.6642974911943654
sub_21,4,1000,10.160754854020297,0.09771815000406414,1626.9808505,-1.507760341250127e-06,10.160454180337569,0.08632321419140318,0.0007073265182736169,0.014855234041890928,16.0,5.995316159250585,0.006861436319996883,0.016746137432554903,0.0004243915183602275,1.6060663435257145e-05,0.8732468420522341
sub_21,5,1000,10.467737598621879,0.1504333530121839,1519.1199454999999,-2.6161340808597674e-06,10.46564394415175,0.13817458690993334,0.0018333553340182183,0.02331544193606805,8.0,3.3074935400516794,0.005599922447273288,0.01021968793938793,0.0006261792926121906,1.6497247259686607e-05,0.8304685967334765
sub_21,6,1000,10.679593771720615,0.32505906179740457,1567.2197385000004,-7.474060458225802e-06,10.678607856650245,0.31781907733747294,0.001555083932190357,0.015659943384034047,5.0,2.0442930153321974,0.0050959478415869884,0.007737324638775436,0.00022696489271252407,5.564415641314428e-06,0.8911769385887734
sub_21,7,1000,11.253524517766495,0.32730626580067435,2216.9332775,5.680497433332956e-07,11.25353230623485,0.3134188722328717,0.00020462641859145936,0.05056440471308529,6.0,1.8274111675126905,0.08201639779097035,0.4533718768709246,0.007979220734295304,0.0002587954548515876,0.8951960179617278
sub_21,8,1000,10.811350699130436,0.30369999596517994,1554.1205690000002,-7.139620974396293e-06,10.808534998233103,0.30329849634585093,1.8815840183134913e-05,0.014527898128929285,23.0,9.6,0.004918813049416698,0.017790196448204683,0.00037206036919279457,8.79814220192314e-06,0.9264042697159822
sub_21,10,1000,11.13614910197929,0.3794273782596063,1130.3192479999998,-9.457120980337711e-06,11.13748854556006,0.28539264487578403,-8.539137414667744e-05,0.04534491981776955,16.0,9.45803489620792,0.16215467031582878,0.43355802202201765,0.0010624230964407185,2.1501311167652947e-05,0.8745461510045583
sub_21,11,1000,10.636385445833335,0.4674848026342776,10210.918977500003,-1.641430722552569e-07,10.63673725053569,0.4596636254803042,-0.0002383241653039203,0.05673056672107627,25.0,1.5625,0.13060711267987374,1.0040338920884526,0.0033536756131615393,0.0005545116573338828,0.955494368785554
sub_21,12,1000,11.392188600000003,0.25310458585343726,1367.0515369999998,4.695485092061681e-06,11.391534008348883,0.24233556924498995,0.0013810329839208557,0.04311377708830246,15.0,7.5,0.023171555022563097,0.14380513356708363,0.00234054102629918,4.900294649436932e-05,0.8226712288728838
sub_22,1,1000,8.838066573985765,0.34551423474490095,1640.1871695000002,-3.048449795094891e-06,8.838611555901785,0.32738036930003517,0.00019382565599512772,0.059370910888375754,3.0,0.9699164255346665,0.010268246929608893,0.014589402581423369,0.001438897142167432,5.805058460169746e-05,0.6454797689732392
sub_22,2,1000,10.353198760132422,0.22686993840696357,1791.95246,-7.55811304623937e-07,10.353042924347953,0.20633007397577677,0.0007905445806589346,0.0498791068680995,9.0,3.1198904571795034,0.015823836579834247,0.1013982876263882,0.0058578326282075375,0.0001890312908404217,0.810638912564356
sub_22,3,1000,7.741955505742962,0.2723673428532239,918.7070554999999,-7.77779499577831e-06,7.7421741940650115,0.2665046906525191,0.0005513163777824541,0.009427983042516222,16.0,8.089864916109786,0.007396348793954302,0.01345308611090767,0.00024781908873151403,8.777093773513713e-06,0.9143580307549365
sub_22,4,1000,9.66696500858704,0.7856296276155263,1547.9136209999997,-1.6769822227957895e-05,9.665810072293256,0.7764533259315352,0.002084703329438116,0.04627935746015486,3.0,1.1241217798594847,0.008991478818743005,0.013093356447085494,0.0002884843907597097,9.229437026052936e-06,0.9389219939740824
sub_22,5,1000,10.206218377260981,0.41062950453678604,1481.1672955000001,-9.612983533039432e-06,10.206925561759652,0.4057949425718042,0.00015842784582653776,0.015224345300781327,27.0,11.162790697674419,0.007103769301429402,0.022113496698834598,0.0005163700141503503,1.3069559963243866e-05,0.9049435061479436
sub_22,6,1000,7.207667488926747,0.315924195690608,1057.7180910000002,-7.386604765113702e-06,7.207239475635244,0.3122757306626279,0.0005124254070641949,0.006126696665724891,94.0,38.43270868824532,0.005353603572563693,0.011186416806981549,0.00011953126333450197,6.251166846586206e-06,0.9287681560851258
sub_22,7,1000,9.09885994416244,2.012523652971599,1792.4664665000005,3.2637975860126694e-05,9.096919739370643,1.9807155262542306,0.00010906561475786308,0.20697776260179834,7.0,2.1319796954314723,0.1799727369897816,1.0314979095731165,0.10757769055617188,0.004987171711213717,0.92978423432599
sub_22,8,1000,10.031073377391303,0.9077250070158063,1441.9565799999998,1.2430374810209404e-05,10.031558884889742,0.8623632365036047,0.0012303546540353197,0.19039450675769823,5.0,2.0869565217391304,0.547580691694626,1.787350183116243,0.016065463663637525,0.0006200543438179718,0.8374005410252089
sub_22,10,1000,11.573992788248392,0.463266383561038,1174.7603944999998,-1.3479184229810761e-05,11.569924599123462,0.43931313783884524,0.004626616604983518,0.08450484719477752,5.0,2.9556359050649745,0.006037900925131477,0.013002608880521162,0.006859813334887524,0.00011636023500753085,0.843822019343444
sub_22,11,1000,9.028081772916668,1.6497912847718115,8666.94929,-2.7347906608470317e-06,9.028233359012342,1.6303486631404422,-0.00010716111673959408,0.1863060865764935,10.0,0.625,1.0488732373484349,5.638706651742369,0.03755504846446754,0.003906031503887117,0.9626678048720011
sub_22,12,1000,7.799972641666669,0.2822358919589337,935.9889489999999,-8.031401159242113e-06,7.80034624633521,0.27906383251859745,-2.9654006262134834e-05,0.007835814710583979,86.0,43.0,0.008732722555311311,0.021236288754374187,0.00026559821749178595,9.21780012529646e-06,0.9203266458207533
sub_23,1,1000,15.957516588265088,0.4647910659013216,2961.427959,-3.4726215034293303e-06,15.957105704088317,0.33282040033532223,0.0005136389380018231,0.12286403604958532,21.0,6.7894149787426645,0.29327009984979296,0.8480895410841237,0.015657945083705188,0.00019651369377511024,0.6949276360823621
sub_23,2,1000,15.647972446745207,0.8033540145887347,2708.3825140000004,1.0855004633306802e-05,15.64710794870075,0.7513079250796569,0.0011011866106430289,0.20205616905592264,11.0,3.8131994476638376,0.18493634615354304,0.8328860644440879,0.07461136273356637,0.0010733365483754625,0.8265413769910862
sub_23,3,1000,15.735873444175722,0.4383485768707412,1867.3130350000001,-8.517631911552246e-06,15.729343518320153,0.3687330975792922,0.007040701420688466,0.1417247850210456,10.0,5.0561655725686165,0.2199806060726043,0.7074457864975583,0.016606023328222322,0.0001600784403361658,0.5906359087182758
sub_23,4,1000,14.81889007338017,0.18492095512536022,2372.8598845,-1.7149437535207627e-06,14.814877210633512,0.1471886222259016,0.001540174789879882,0.06078336734195111,14.0,5.245901639344262,0.024729294861747055,0.15996743493403556,0.005026517194123091,9.114576756241537e-05,0.6413424733271682
sub_23,5,1000,15.325212871662357,0.35243086368765447,2224.0559365000004,3.793495867473764e-06,15.32162011062558,0.2914186770590571,0.0015052059368771264,0.1445306033184959,9.0,3.7209302325581395,0.27217507155856596,1.2472414822435214,0.019701556733066134,0.00025134053804386723,0.5665785547030832
sub_23,6,1000,14.775308804088585,0.3179988102677231,2168.2616105,-6.6271627524238225e-06,14.772028015561723,0.3001293216721672,0.0027436947860375125,0.039079022198981885,10.0,4.088586030664395,0.027819244481117167,0.16347824011726764,0.0015936052468163505,2.1480555065281133e-05,0.8351195080242984
sub_23,7,1000,17.03211674111675,0.8870046428757782,3355.3105224999995,-2.421008182852921e-06,17.03149206931149,0.8139126042288954,0.0012797352257095088,0.24041040192763152,13.0,3.9593908629441628,0.5130906552738568,1.809231163567831,0.12598566736009004,0.0017903445367671064,0.7961669123993366
sub_23,8,1000,15.557933377391304,0.6054004550863993,2236.4365395,5.264962053840548e-06,15.540421927496878,0.4758993700728722,0.0049983488155342015,0.23491468927056894,9.0,3.7565217391304353,0.51316318852886,1.8645892222427718,0.027210872080463164,0.00035621179306951327,0.5332609080987188
sub_23,10,1000,17.12950979793303,0.389930890193584,1738.645247,-9.345187343343082e-06,17.1311487958779,0.33700252847201745,-0.00027430457673977124,0.14942492601730403,11.0,6.502398991142944,0.3343805299765883,0.6037789796331767,0.01921031981306798,0.0001695604308625517,0.6638244971427579
sub_23,11,1000,15.503775984374997,0.5881959739297847,14883.609168500005,-1.6565860276842457e-06,15.503651892595684,0.568280645220924,0.0002547140067047471,0.11211713460598415,43.0,2.6875,0.2663749917395703,1.481959702326472,0.012740010429516816,0.0009770217658178733,0.9038420451641542
sub_23,12,1000,15.420163699999998,0.46922916050579877,1850.403683,-6.0897760626179295e-06,15.417216124924417,0.33716868543410916,-8.729787195910982e-05,0.14113816793317907,10.0,5.0,0.26815675157777874,0.8860767988359439,0.008232470856238972,7.914369917068001e-05,0.6174559850248108
sub_24,1,1000,6.609948540545202,0.3125704569840433,1226.687492,-5.769929195738322e-06,6.609704970444812,0.30883962901982687,0.0005310029687555839,0.006884492229431574,36.0,11.638997106415998,0.004833282761227805,0.01208764384709891,6.719191064770143e-05,4.584348299163192e-06,0.9387802330488234
sub_24,2,1000,8.169044839758959,1.764820744820446,1413.9130219999997,3.1360034789973383e-05,8.16645640672972,1.7507188338208821,0.00010226633508118787,0.10554600157633015,11.0,3.8131994476638376,0.24839995285493205,0.6595849711362303,0.01754060915904417,0.0009984312058605967,0.8961236637713629
sub_24,3,1000,8.147065780714101,0.39076856453227987,966.7797209999999,-1.135442148551946e-05,8.14768924729538,0.3871752311309728,0.00025038471674417837,0.003030791854652982,120.0,60.67398687082339,0.0041801766300501725,0.01410082324810057,0.0003056870561782345,9.270924552200374e-06,0.9002111443357262
sub_24,4,1000,10.127090260733802,0.9070743588107527,1621.5903200000002,-1.9560844398638372e-05,10.127938417076198,0.9034577640127944,0.00039615172882597003,0.005681655889783531,41.0,15.362997658079626,0.008310293850795665,0.043439692974629095,0.0002475249171848653,7.223438131925548e-06,0.93042722381336
sub_24,5,1000,11.408952055124892,0.573437825189864,1655.7128880000002,-1.3579606555470406e-05,11.409672893580051,0.5685387404733384,0.0005690189045413338,0.012119071873278363,55.0,22.739018087855296,0.010774546996850452,0.020837528521935694,0.0005080206993506206,1.0588244420426455e-05,0.9106588393830878
sub_24,6,1000,5.736172960817716,0.18220220738005266,841.7776885,-4.038877851860612e-06,5.736024697111953,0.17631204693171068,0.00034285629012514407,0.015877712435731783,4.0,1.635434412265758,0.005707674443521913,0.008399321514005475,7.975359335488029e-05,6.592237946548472e-06,0.9487629591724622
sub_24,7,1000,9.51732559390863,2.542926037708852,1874.904369,3.858428526160772e-05,9.517494225071808,2.5072605958860463,0.0003706891619953035,0.2519372000777085,8.0,2.4365482233502536,0.41278331789214345,2.4699214106267666,0.15573966365389724,0.00485549728073685,0.9383583529425087
sub_24,8,1000,7.372956320000001,0.6690762642056299,1059.8547295,1.0644441299007306e-05,7.374376060386828,0.6475048413029924,0.00010266705990969038,0.1170008457695267,5.0,2.0869565217391304,0.05964771923869068,0.2787306148570946,0.0010251805024633198,5.6281604371393194e-05,0.8555063876524196
sub_24,10,1000,7.117601609836357,0.3626363639715781,722.4364519999998,-1.2289587883479509e-05,7.11945402303307,0.3610381216687789,-0.0008956655342146455,0.006357517552509633,90.0,53.201446291169546,0.004744216966944409,0.010763400852378768,0.0002456591898060342,1.1847053372572589e-05,0.8731001734313679
sub_24,11,1000,8.325914043749998,2.446925828295208,7992.871059500001,6.39636721499247e-07,8.325985882544977,2.421415777320673,-5.22249199053544e-05,0.24128023249115468,16.0,1.0,0.9709967581355851,6.715406093427588,0.08123248944331063,0.008635907788242842,0.9713895832752591
sub_24,12,1000,12.265623058333334,0.6094187180748388,1471.8632685,-1.0935270328555149e-05,12.269835275273877,0.5577500453384193,-0.0034750193696987076,0.17276599537780377,3.0,1.5,0.7496946678434258,1.3682072271755805,0.01787511821671436,0.0002247716828456041,0.7203058241157215
sub_25,1,1000,7.804855789592797,0.8996065688771375,1448.4406709999998,-1.6711148685382748e-05,7.805675244133309,0.8980787295828246,-6.189301470077823e-05,0.008354829104810278,45.0,14.548746383019996,0.00451917444627253,0.01181892003103317,0.0002456594719541926,9.805971790709215e-06,0.9436182376709438
sub_25,2,1000,9.849603178821724,1.039129144820949,1704.7885044999998,1.9178818066051713e-05,9.848002244806272,1.0339389845411893,0.00039146878245997893,0.04563956066785327,13.0,4.506508438148172,0.027639166703808907,0.2005802826592901,0.005174000941619107,0.00022140738835387902,0.9424196265622619
sub_25,3,1000,10.562886649194807,0.6683985449059686,1253.455635,-1.9431779578350026e-05,10.56455573833019,0.6631125527678925,0.0003466007789577541,0.006420976917841403,72.0,36.40439212249404,0.006345209235205552,0.09608223025181027,0.0005292025381339375,9.179929938509256e-06,0.8967048177955491
sub_25,4,1000,19.136589701795472,1.4742210315717947,3064.2279094999994,-3.1465812510292674e-05,19.137021574589667,1.4627159073326044,0.0027561172469886563,0.029020958677153694,4.0,1.4988290398126463,0.01085872005118369,0.02078174406675258,0.0008318571636128636,7.093265005147975e-06,0.915795354602321
sub_25,5,1000,19.736425832902672,2.1021439226443177,2864.2291274999993,-5.006434702670883e-05,19.74025972679336,2.094772520224465,-8.669060104144881e-06,0.031232584890175736,6.0,2.4806201550387597,0.056082035253708716,0.32151635095270814,0.001953629931947594,1.1058670299060218e-05,0.9156447359388495
sub_25,6,1000,11.005603195911416,1.187503106165617,1615.0616005,-2.7918779073382683e-05,11.0054580809769,1.1808021776899515,0.00200180561961165,0.019682432739851787,14.0,5.724020442930153,0.012554687192565002,0.04369663149283773,0.0003198356283666703,6.149564488421586e-06,0.9267077654638812
sub_25,7,1000,17.7403670609137,6.930127409084515,3494.8351150000003,0.00011814556520094875,17.7464251407548,6.917125845670863,0.00013270467006034557,0.35226954378386,11.0,3.350253807106599,0.15842891829163866,1.3719857408071578,0.2319482096889584,0.003762229141631251,0.9481217085147357
sub_25,8,1000,13.392372563478261,2.4539418519753995,1925.1396305,5.5174496723026796e-05,13.384806524837314,2.4165674054383897,0.0007359625263167618,0.21370382132818114,8.0,3.339130434782609,0.25063783686103175,1.8494147937517291,0.019871893914137663,0.000787389764313884,0.8904379386901385
sub_25,10,1000,13.820812129929756,1.2572154590682334,1402.8126025000001,-4.2786980990885455e-05,13.825631346511871,1.2495236793488187,-0.0003856977649456613,0.010732248774619764,71.0,41.97002985192264,0.007627706922292123,0.019352276752569522,0.0009064010135068319,1.050093420537036e-05,0.8901873351802572
sub_25,11,1000,13.211640834374995,5.836732417448376,12683.158968499998,2.435525975990689e-06,13.212127346603932,5.768357161642963,-0.00010200844055515768,0.6742752942087369,9.0,0.5625,4.0578145955302825,21.474017621289427,0.23912847010229332,0.0033595747034505536,0.9632895969581386
sub_25,12,1000,16.594448375,0.6969288844529686,1991.3167805000003,1.8626313801004754e-05,16.593677165695418,0.6758187936574075,-0.0005357426312422831,0.10175090190213659,7.0,3.5,0.15831427532550243,0.7591686104305706,0.006398204900546311,7.032330066523622e-05,0.8845847270016044
sub_26,1,1000,38.660456857578545,2.910222269725369,7174.6833700000025,-4.779536475836711e-05,38.65027296386226,2.8738221019771424,0.0024130067636275203,0.31785809833182727,14.0,4.526276652495111,0.6790786768535245,2.1018553190240223,0.07157133631528959,0.00010974860238412155,0.9139048953411201
sub_26,2,1000,37.73453922106736,7.866145271169658,6531.171480499998,0.00012986377226337066,37.72906951443879,7.820127503330014,0.00653540322562553,0.6227643186460688,16.0,5.546471923874673,1.4146966353487969,3.941783266392841,0.40417009154930655,0.000676766795114791,0.9533869878706994
sub_26,3,1000,36.32756538043433,2.7197995921103164,4310.846843,-7.754463829362991e-05,36.32132061284513,2.6561756332772175,0.01477692794486791,0.22655524497034807,6.0,3.0336993435411697,0.44458642788564945,1.2616869133247137,0.09126053369688249,0.00012358718656049823,0.8521199031617814
sub_26,4,1000,35.55074809679937,3.5216641940177804,5692.527073,-7.414861770937617e-05,35.54099688115023,3.4971779846758433,0.00531500192521304,0.2737841992213109,4.0,1.4988290398126463,1.0890660210932461,3.0671388508539117,0.005834488468876668,1.290370128142774e-05,0.9105629277188616
sub_26,5,1000,35.85472585701981,2.260961144557883,5203.383720000001,-4.4855124081961384e-05,35.84347988331548,2.104085226013945,0.018930122263749495,0.5349159230121759,8.0,3.3074935400516794,1.1439733882904721,4.882377273011494,0.24352253842460955,0.0004402625123970888,0.7920646044634851
sub_26,6,1000,23.35883953662692,2.690781361973667,3427.888005499999,-6.222031071497747e-05,23.3586648690755,2.6675785476890996,0.003480031369738773,0.19945072664965874,2.0,0.817717206132879,1.3885147685244779,2.1046961029407125,0.006076186436992334,2.5414554637284326e-05,0.9389401332485997
sub_26,7,1000,45.74351523350253,3.7773844643649674,9011.431917999998,1.753132311319596e-05,45.74623089260159,3.644389213727447,0.0038346075984810597,0.7650272191474587,19.0,5.786802030456853,1.6187511219929158,5.487715220720804,0.7299086165983107,0.0019399588157704237,0.8588461316536201
sub_26,8,1000,36.9013943373913,7.807917790140352,5304.5361125,0.0001694455723663846,36.887101691537836,7.696781272086994,0.001688336996911217,0.8077571704253677,12.0,5.008695652173913,1.9156679009737088,6.04798841083821,0.5897395115383066,0.0016620725531847368,0.8824945004103271
sub_26,10,1000,33.939533610506295,2.053960866126661,3444.8629590000005,-6.902838779847719e-05,33.93955308862748,2.038402975905764,0.0006289448355534875,0.17016318657572513,7.0,4.137890267090965,0.4850092304976468,1.3310451983118328,0.03485282810066357,7.183744743533493e-05,0.9011893749370012
sub_26,11,1000,34.509027078124994,7.087101759116191,33128.628558000004,1.217115648396338e-05,34.503909708956904,6.9289192151190395,0.0005917124725981597,1.1173382970577161,12.0,0.75,6.416682972133718,29.11808125240445,1.058439612199187,0.00589678726007499,0.9364569676724448
sub_26,12,1000,39.87254169999999,0.89389296807715,4784.6653795,-1.1531235542968814e-06,39.841362490591386,0.6206230442017215,0.012682621860940409,0.49962924869055686,10.0,5.0,1.229259643118479,2.5135153320919716,0.16294607480780401,0.00024015889761099177,0.20046974882241111
sub_27,1,1000,36.97717564647623,1.840377359372097,6862.2980364999985,-3.149950438196727e-05,36.97481109156636,1.8094482229227555,0.00494606353996447,0.15651939763129058,6.0,1.939832851069333,0.4060668739353443,1.227320493138318,0.04064431499656587,8.345932155861535e-05,0.9118979000075548
sub_27,2,1000,28.966971337450822,3.167256423629446,5013.662043,6.183392958156093e-05,28.969455395684587,3.1552849934378475,-0.0007254631536192433,0.1869810440482907,12.0,4.159853942906005,0.29211393703565725,1.274493400913912,0.07543698165683568,0.00038436237349408106,0.9313019488031499
sub_27,3,1000,30.493671922269883,1.4026529148974523,3618.5629335,-4.042076682693519e-05,30.49271695672469,1.3792034870023675,0.00473116958935335,0.10826439841254169,2.0,1.0112331145137232,0.6800088197357991,1.077330842671907,0.003856609871866164,8.456780471527697e-06,0.9087231454911029
sub_27,4,1000,30.56407611553474,2.1777321699574244,4894.0428225000005,-4.690048542455588e-05,30.563754388207986,2.164220121889406,0.003134230489612314,0.08007513620851942,1.0,0.37470725995316156,0.9303110614835403,0.9303110614835403,0.002009260601916143,6.537666312770226e-06,0.937658535348218
sub_27,5,1000,25.580750291128336,1.0478953824007666,3712.381452999999,-2.3013698776604923e-05,25.583034904921426,1.0257388882229055,0.0006460735098496736,0.11464138448055108,3.0,1.2403100775193798,0.49117838673512004,1.0696003960410332,0.010715873110603482,4.2440848923087724e-05,0.8869231896867322
sub_27,6,1000,25.81201330834753,5.1964481618663605,3787.8862455,-0.00012042997262704907,25.80784098005299,5.173470606144526,0.007152044154317996,0.1068701175654514,5.0,2.0442930153321974,0.1513766166261868,0.3364642081198855,0.002511631168083747,6.256111782497834e-06,0.9292343204031707
sub_27,7,1000,35.869993228426395,9.332792464120262,7066.356835000001,0.00014757586966168248,35.87417030215028,9.311598974660857,0.0005690917966958553,0.43324668633870145,11.0,3.350253807106599,1.1233383096687126,3.561911427260998,0.41045835445854756,0.0015830308660961367,0.9579347967242838
sub_27,8,1000,37.91662188521739,3.192863440965423,5450.476141000001,7.21996968245516e-05,37.88270776047432,3.0873411931702814,0.0047931743045617195,0.43349295453849906,12.0,5.008695652173913,0.9768559228916451,2.2812154560298814,0.2552708712904189,0.000777831929057741,0.8571523501072849
sub_27,10,1000,36.488325218470756,1.3353404961776587,3703.5656485,-4.444332804461012e-05,36.48783557078018,1.3043361793051504,0.004798929810055837,0.14229799627054027,5.0,2.9556359050649745,0.2995714823937061,1.1864704491147149,0.007790983983142582,1.4658951710239556e-05,0.8893785425054122
sub_27,11,1000,31.69721740833333,6.227241924915497,30429.294371999997,6.339490784144313e-06,31.697511186331337,6.129359896852013,3.907700659884646e-05,0.8423558302634528,9.0,0.5625,5.61611008522659,23.97810861724964,0.5862203564140741,0.004116692030480784,0.9551915946532784
sub_27,12,1000,17.311797783333336,0.9958765990866638,2077.3982465000004,-2.8710138758584776e-05,17.313701142116233,0.9924814287487411,-0.00013553211563664019,0.009637292946938745,99.0,49.5,0.0075202337636481485,0.021317078221545032,0.0014120816427533756,9.060832193968882e-06,0.8987845064325743
sub_28,1,1000,17.204672448446242,1.3722706918025083,3192.877926,-2.531674761416412e-05,17.204934111715687,1.3631301667195928,0.0012891159243516217,0.07336842707617773,5.0,1.6165273758911107,0.30205388362791996,0.8029801017347429,0.0009747575500763784,8.797548545666527e-06,0.9442720234825324
sub_28,2,1000,16.749086542294737,0.9380964534487098,2898.964881000001,1.4953449202960501e-05,16.748434403703275,0.9243248694304889,-0.00033299864073128805,0.10098213631476553,11.0,3.8131994476638376,0.13339392399601444,0.3856707097823836,0.00735735927178154,9.558743995801448e-05,0.9111547682894576
sub_28,3,1000,14.3468791744967,0.46956338163031486,1702.4876035,5.048905882414445e-06,14.348503916575117,0.45001238219306344,0.0005608689292068169,0.07878020696222751,8.0,4.044932458054893,0.15357586206755572,0.6518184438546725,0.005407437480221254,5.691613899074805e-05,0.7963958597184907
sub_28,4,1000,16.949165520686964,0.887806322955121,2713.9688380000007,-1.8629378294776337e-05,16.949179270540697,0.8776492517426707,0.001081637823340317,0.06818357387039006,4.0,1.4988290398126463,0.08950034031144267,0.23567282529883507,0.0012134448502008285,1.3294464568528902e-05,0.9369395406632404
sub_28,5,1000,15.404428272179155,0.3574757235160928,2235.5530615000002,-4.526805883306852e-06,15.406645599670844,0.33174974527622975,-0.0008540199674549895,0.06846128687914042,8.0,3.3074935400516794,0.06296244226603905,0.37494208251558353,0.004457148060412762,5.3938846304314196e-05,0.7001437234993853
sub_28,6,1000,18.607911672913115,0.5956758896183408,2730.692317,-1.397824479299429e-05,18.608867040178694,0.5931732982760671,-0.00015918675238602915,0.023304786186876595,12.0,4.906303236797274,0.006306121097013873,0.016263269635749148,0.001613377209315957,1.2978415196169826e-05,0.9027980437830891
sub_28,7,1000,18.733192314720814,2.9218536648108073,3690.422372,4.368226692023206e-05,18.73379255367725,2.8985419398794994,0.0018504040624257871,0.27225390005046984,16.0,4.873096446700507,0.4250815101744776,1.677395799157802,0.13247005133548514,0.0019706161767824096,0.929165079509705
sub_28,8,1000,20.207043436521744,0.6173840283044602,2904.742852,1.1229317403557329e-05,20.203488504479488,0.5844252401843664,0.0016919227890970414,0.1502360028782074,15.0,6.260869565217391,0.22694443166787454,0.8235754500411943,0.03186663513594802,0.00023866888442115658,0.7716173229441767
sub_28,10,1000,19.701746820228372,0.45610271805775615,1999.7277239999999,-1.4310291595919587e-05,19.702769121433676,0.4345972269247556,0.0002297124784587664,0.09206204758254255,6.0,3.5467630860779695,0.21667678693624703,0.7721511369630504,0.00295546888893951,2.0274152250748622e-05,0.8400710952309398
sub_28,11,1000,16.89037295520833,2.5320167774550364,16214.7392305,-4.1303054752525206e-06,16.890431262200483,2.503776257694879,0.00010392238715486283,0.27875225740932724,8.0,0.5,1.9601393306484287,8.774696049483609,0.07043161044727922,0.002991979006975408,0.9670445411063864
sub_28,12,1000,14.371655750000002,0.6853293501608825,1724.584219,-1.927430964165161e-05,14.36808561264074,0.6869400009099492,-0.0005080517235670664,0.0489001116313719,6.0,3.0,0.024221180988574693,0.10365535375376983,0.0012024954514886603,1.1931014326147383e-05,0.9418284403038822
sub_29,1,1000,49.7090139829618,3.612054172083585,9225.101254000001,3.5714084876577484e-05,49.70505527057498,3.415718477364418,-0.004984350047627767,0.7212560601128606,25.0,8.082636879455555,1.4481499259881694,5.036020800092764,0.5811183649950055,0.00048529400288464136,0.7753228407050751
sub_29,2,1000,27.721963549279824,5.1789591699904225,4798.169702500001,7.758907188752685e-05,27.729046019332667,5.146205681423753,4.318207516087047e-05,0.4632990126275002,7.0,2.4265814666951693,1.2336164958721234,2.8705399580578246,0.21798287376324232,0.0008535063793648482,0.938848800453688
sub_29,3,1000,43.97032954401813,0.6505120089372496,5217.7834645,-1.1115842919258924e-05,43.96921636543117,0.5157346281090838,0.004106816407784396,0.2711404617628443,17.0,8.595481473366648,0.4692427238658433,1.8868341897031118,0.04112998552036939,4.8131142832788806e-05,0.4956158452669349
sub_29,4,1000,35.46133934738484,1.8876531490701995,5678.211771000001,-4.0579043803481315e-05,35.46324931239891,1.8814666907184228,0.00030569294595531797,0.047054619403709676,7.0,2.622950819672131,0.08427522225391455,0.49309802466871056,0.005290709301514239,1.4326879481794638e-05,0.9318939255556257
sub_29,5,1000,45.75344516795866,1.608842615514252,6639.9227865,-3.674944073986151e-05,45.75627659881345,1.5858214841123928,-0.0007918300399813521,0.19763778832957604,11.0,4.547803617571059,0.39682774319098096,1.293108452215082,0.05577484267028943,7.276040766447294e-05,0.8762048739457328
sub_29,6,1000,32.604915243611586,2.0504621868210506,4784.7368655,-4.735400979843264e-05,32.59771458772704,2.0615981739972655,-0.0030004500051270004,0.10385712755522908,6.0,2.453151618398637,0.226136817896788,0.716592106171962,0.01414830107449495,3.720250674652922e-05,0.8963909552162915
sub_29,7,1000,52.2392204568528,9.222149499154146,10291.077167500001,0.00014499441672047753,52.25560179385499,9.176591678057553,0.0026518538096894544,0.6475803292004346,24.0,7.309644670050762,1.2446631268086383,4.109579485364245,0.8129000904901249,0.001094552744105568,0.940066644875616
sub_29,8,1000,41.46284084173913,6.751192727609399,5960.242218999999,0.000157367176171335,41.46285626766194,6.666833272056642,-0.0019744433689179498,0.8249609379941428,18.0,7.513043478260871,1.6198223963972238,4.270947864360043,0.7614737353953213,0.0021706671304783055,0.8995459879806725
sub_29,10,1000,46.57574981527276,1.1118943851113832,4727.438513,-2.925154879614515e-05,46.58074570309812,1.0410176711021726,-0.0014474789169548982,0.2563590627599008,16.0,9.45803489620792,0.5777452489064067,1.4630582022578746,0.09600573017044053,0.0001224013118121665,0.7281602873983659
sub_29,11,1000,40.302386160416674,7.2296326659641545,38690.252745,-1.6898474619374845e-05,40.302324786105835,7.107746123806242,0.0008872694454870531,0.997278344972408,10.0,0.625,6.228712065824171,26.139875918383076,0.9290698448218799,0.005391461263385597,0.9510485477471764
sub_29,12,1000,44.771170866666665,3.0245920661781676,5372.491126999999,-8.403219850013648e-05,44.765139155003034,2.978096783502836,0.009941026747021213,0.24712713708647022,10.0,5.0,0.4959510753232407,1.3435145005352283,0.06524749413830416,5.820368276543074e-05,0.8546646864437086
sub_3,1,1000,30.00151458377114,1.0748071804276798,5567.741276499999,-1.2464937773083962e-05,30.003774028162848,1.0375263258263556,0.0004068780316896711,0.17776845892221987,13.0,4.202971177316888,0.33288750152993324,1.0761571925093592,0.03165022156032512,9.847822536480687e-05,0.8772325139586992
sub_3,2,1000,28.34937248025513,1.0008595200939452,4906.7667835,1.3085900423763117e-05,28.3486996602356,0.9470734620738093,0.0017923184077059857,0.18706847990676329,11.0,3.8131994476638376,0.2255095787792976,0.733508437050224,0.030190458250755434,0.00011158489392053485,0.8344441155735888
sub_3,3,1000,29.170179013542096,1.0694180671134474,3461.508785,-2.9400007454014724e-05,29.169624335730283,1.0413404847237377,0.004985507269479248,0.0985225013095694,9.0,4.550549015311755,0.08588666806661233,0.3937218191433659,0.013657727433830718,3.392463500584369e-05,0.8700667077190665
sub_3,4,1000,24.78477782357533,2.5642337650500293,3968.638341,-5.522788579596768e-05,24.78230163898813,2.5489330137041093,0.004873785636199164,0.06736889233481502,1.0,0.37470725995316156,0.00582801522167542,0.00582801522167542,0.0016107316591902282,7.073326846613088e-06,0.9331449859534305
sub_3,5,1000,18.553713233419465,1.3005875853846773,2692.5899504999998,-2.958598300845679e-05,18.555926140099302,1.283435257251757,0.0005139859840945512,0.08313774762634762,9.0,3.7209302325581395,0.08014425917141595,0.6355705296087252,0.0023102277653986075,1.4378254263542016e-05,0.9271624554916802
sub_3,6,1000,30.943434630323676,1.538991474071066,4540.9156445,-7.844485686597451e-06,30.929004288604887,1.4708950441214783,0.0024675126439937436,0.23649457688964837,7.0,2.8620102214650767,0.5370213614130457,1.7553926841298861,0.020031796190949743,5.6832857230878716e-05,0.8342855298528828
sub_3,7,1000,27.260342619289336,6.097964410900742,5370.262439,0.00010125829095416525,27.252445175935836,6.080251988522896,0.0018421732735980927,0.27851543689382685,15.0,4.568527918781726,0.35981921928783767,1.0715971886691844,0.12754746828941732,0.0013437973003632346,0.9507710106515848
sub_3,8,1000,29.514947819130427,4.283182683776849,4242.746835,9.810683324174391e-05,29.508096330041884,4.247513188268443,-0.0024571470002180463,0.2861360280706703,13.0,5.426086956521739,0.3115719865335937,1.6988462578876848,0.08611134659035365,0.000453353498804875,0.9015439954651975
sub_3,10,1000,22.337103397996078,1.276115424923115,2267.2163795,-4.2052252917544306e-05,22.3437897705985,1.2528585964859555,-0.002177660384825509,0.13389279311553648,4.0,2.36450872405198,0.2505351065008907,0.984325571092983,0.006853411327546053,3.1721504643945985e-05,0.8933624140467331
sub_3,11,1000,25.79321271458334,6.109585957772324,24761.457688000006,9.848003716699093e-06,25.79308646134674,6.037315452440915,1.7725399140125787e-05,0.7095094831683425,7.0,0.4375,5.365247800200626,19.164758245094035,0.299876335258332,0.0034799531759447627,0.9628641442108519
sub_3,12,1000,33.01103846666667,1.0339261092974597,3961.2917290000005,-2.1613458557974813e-05,33.01263838068481,0.9318836082493073,0.0006149656356775438,0.17740687066924846,14.0,7.0,0.23365353113506754,1.227940211074941,0.06251878422844005,0.00013208633192584692,0.8015226642315683
sub_30,1,1000,3.5603873145708387,0.22882670479377643,660.7432975,1.3070395253714445e-06,3.558705412040429,0.2129667111230229,-0.00021412326575711573,0.025011319094258355,13.0,4.202971177316888,0.006443913028022398,0.016687848108259587,3.539284411311861e-05,9.839734909068417e-06,0.7480204926888302
sub_30,2,1000,5.543562706909403,0.4415851274244392,959.4905809999999,-7.87941609691957e-06,5.543443866056409,0.43971452966067903,-0.00010359022297933435,0.007197203488934386,80.0,27.732359619373362,0.006485801388187694,0.01607281254653369,8.364698225675849e-05,7.050213233640152e-06,0.946487669542041
sub_30,3,1000,4.221085988522505,0.21405992195081158,500.89939949999996,-4.366313808960611e-06,4.220745037700932,0.14806773222588696,0.0007140720263222056,0.011536409029929468,26.0,13.146030488678402,0.019167044590379042,0.3169349238055406,9.523801759007843e-05,1.1160862994638999e-05,0.8909830167678484
sub_30,4,1000,8.759103725214672,1.1566218018899697,1402.5433104999997,-2.438252893281523e-05,8.76012141264069,1.152242044569633,0.0005173753703817821,0.017911205667992893,14.0,5.245901639344262,0.005792870672677871,0.01897936917144284,0.00022647998269615906,8.796521678621407e-06,0.9424960949105272
sub_30,5,1000,5.934914873385012,0.332033045026339,861.2984390000001,-6.699751020250051e-06,5.935954796279326,0.32747803232959427,-0.00020521144690828193,0.014777875290586662,24.0,9.922480620155039,0.0049035092983665,0.013475900083620984,0.0008713101285120258,6.590676225173636e-05,0.901467724733431
sub_30,6,1000,5.737467632027257,0.3439084619478461,841.9675809999999,-8.023076993426589e-06,5.738077474330837,0.3408175865790499,-0.0002101371127206935,0.003838407983963814,146.0,59.69335604770017,0.005379237457000096,0.016541021896300794,8.420438815159047e-05,6.440722039608644e-06,0.921082572148103
sub_30,7,1000,15.403805152284264,1.5811353641691295,3034.5365115,1.9811280360129752e-05,15.398340340699857,1.5172446152950223,0.007670739958466976,0.32555236413039207,8.0,2.4365482233502536,0.5860411719505224,2.6653274324291383,0.21105497813037,0.004057935432479316,0.819546280009343
sub_30,8,1000,4.570909488695651,0.13050809916183065,657.063445,-4.2884369028624913e-07,4.571000820399998,0.12205314324485968,-0.00020023956112147766,0.009715762379063133,62.0,25.878260869565217,0.004898931201337526,0.03354620719853182,6.585807242397794e-05,8.774944135461827e-06,0.8942475390506345
sub_30,10,1000,9.095789450350244,0.857956014034487,923.2223405000001,-2.9123117549728698e-05,9.101200640876998,0.859969780597579,-0.0032302983805304448,0.015150692745419168,111.0,65.61511709244243,0.010082185723910128,0.030002829603407277,0.00044843050486861527,1.138580754500233e-05,0.8778520579112681
sub_30,11,1000,6.10194810625,1.6059071971613237,5857.861193000001,1.3622454941464991e-07,6.101769434348049,1.5927768778714069,2.3495250124082705e-05,0.13492664371839344,13.0,0.8125,0.25027307269961097,1.0045616244542594,0.029203924057253194,0.006073396687792488,0.9696651359671855
sub_30,12,1000,13.145388983333333,1.5256981983533418,1577.4351295000001,-4.364276293967036e-05,13.150087788329106,1.5137860281174267,0.00023134047457322354,0.03836877206014398,8.0,4.0,0.02827529188558229,0.13924632354935754,0.001607938407993992,1.4032835561210463e-05,0.8883475692647681
sub_4,1,1000,29.939544758948823,4.466344764491864,5556.2400665000005,-8.240741116459201e-05,29.93459986326232,4.429679904440262,0.010121995608761666,0.14471916954923414,1.0,0.32330547517822217,,,0.0021702484364430155,5.4307244569400365e-06,0.9007506020495499
sub_4,2,1000,17.624357672330618,3.218938510911647,3050.4614115000004,-6.29054414899952e-05,17.620790282033095,3.203749565496865,0.006562486772980432,0.11479489868222761,3.0,1.0399634857265012,0.584345473389412,1.6935412284554516,0.0014546796007667197,1.0944756156722744e-05,0.9564255317473842
sub_4,3,1000,12.271265693073893,0.8206722111196186,1456.1831285,6.629535590674279e-06,12.27523380780802,0.8095952735036167,-0.0003024622283606654,0.05190613914266829,5.0,2.5280827862843083,0.04146918620482156,0.15302030071187822,0.007240466807290277,0.00019640870484863567,0.9005237962765071
sub_4,4,1000,20.020162167056984,3.4433740627825506,3205.7104205000005,-7.329220067905032e-05,20.013452690417285,3.423757034923795,0.010771691307530362,0.10211760704211086,3.0,1.1241217798594847,0.025284104696296984,0.06136820686220093,0.001086742698600165,7.3391725238119755e-06,0.9476144769153183
sub_4,5,1000,19.95364916451335,1.9803027859286233,2895.7582245,2.582894245213866e-05,19.952638237424996,1.9788838303695333,0.006422858435481544,0.19627907149498589,4.0,1.6537467700258397,0.5852973777229608,1.6628862470467498,0.013591554459491272,0.00015228389118880205,0.7738901955278786
sub_4,6,1000,21.32910943100511,3.7953086108935383,3130.0260435000005,-8.924337126306539e-05,21.335148189272594,3.788539478883704,-0.0012093653465541248,0.031124342075155298,13.0,5.3151618398637135,0.005614988971261465,0.008366360743646897,0.001570198968060767,6.5075640010310865e-06,0.9362807719797653
sub_4,7,1000,27.530104020304567,7.659108321922746,5423.406048000001,0.00011974519490381268,27.535104220715777,7.589026844225882,-0.002226181743962889,0.6431232436204356,5.0,1.5228426395939085,2.120895209848455,6.753735889680822,1.1449619765479435,0.005214046198855771,0.9399894523040023
sub_4,8,1000,18.30331308521739,3.314448327353161,2631.081515,3.4018620447549795e-05,18.30479902689296,3.1991192363321086,-0.0052722397110872244,0.5136282530681019,3.0,1.2521739130434784,0.8252815113760897,2.468364595595203,0.0191512261945686,0.0001469109813592739,0.8248684893842488
sub_4,10,1000,29.12071360873292,1.7873401176027135,2955.7525729999998,-6.017943399083929e-05,29.130654110032633,1.7647120123599445,-8.612852221018665e-05,0.04599962028486479,9.0,5.320144629116955,0.054169061067143115,0.30329269458309865,0.00348353574386671,9.927328687488107e-06,0.8456990327479534
sub_4,11,1000,20.46888519166668,8.139154721429302,19650.097486500003,7.229902894463068e-06,20.46890709411395,8.070804548649708,-0.00022891253497758868,0.7981374321232582,11.0,0.6875,5.353345156166504,20.195824388974025,0.5944154957014152,0.004349761117910264,0.9653224782745587
sub_4,12,1000,26.978963266666668,3.537149627235278,3237.448861,9.928216172993546e-05,26.991875129451973,3.5117697280172764,-0.0031992586038762758,0.341791455639984,13.0,6.5,0.3042572357141604,1.5616149494420815,0.13773568999345578,0.0006369552042045919,0.9018241416312549
sub_5,1,1000,16.928070943998105,2.116046158371265,3141.546137500001,-3.5901802282869e-05,16.923130928328547,2.0999718474109246,0.0052070165484920375,0.14441726315384076,13.0,4.202971177316888,0.2033822878501813,1.3470935908172117,0.008879761945564425,7.987317240098974e-05,0.9700492377889842
sub_5,2,1000,31.951423409578066,1.8003344394823673,5530.213273,-1.6557661230508462e-05,31.962911434809527,1.736078332393183,-0.0036229001353922812,0.36084957860341604,13.0,4.506508438148172,0.7664094694869319,2.7677342631121222,0.1678076315128116,0.0003929183145471444,0.7355391549058309
sub_5,3,1000,25.700470552049005,4.5131163544195205,3049.7710829999996,-0.00013022094034165384,25.705250825016126,4.501322600222209,0.0009711588105518009,0.10215909825691774,9.0,4.550549015311755,0.3034891271054041,0.7518871333594244,0.014403877079721822,2.8678192852110738e-05,0.908327630026499
sub_5,4,1000,26.39493470101483,4.415948236792892,4226.4600725,-9.282123739223304e-05,26.398148018675563,4.413199258960992,-0.0010017699756835494,0.07126592078504307,16.0,5.995316159250585,0.12732063889556838,0.5045691476575087,0.008582766634995086,2.6645267945842085e-05,0.9161941035535994
sub_5,5,1000,22.8883845374677,4.326328283609641,3321.6524170000002,-0.00010286271136989216,22.89539540370547,4.329309506473567,-0.004470361957299448,0.06991821535574991,11.0,4.547803617571059,0.09653026749431684,0.294874526609176,0.003935087304240279,1.351079506159921e-05,0.9149510553728233
sub_5,6,1000,26.358978589437815,6.070076554092485,3868.1518374999996,-0.00014097182842995654,26.358988303802587,6.057314492915125,0.0035596777678619167,0.05319621908202954,5.0,2.0442930153321974,0.11210685911268288,0.4084338062110274,0.0033807197976272033,7.020283677002601e-06,0.9184362424601921
sub_5,7,1000,36.63253320812183,6.178065856723605,7216.576605999999,3.697817432577487e-05,36.63904400490529,6.012834792689406,-0.00021281263937386055,1.0455482759358006,25.0,7.614213197969542,1.9246997545966003,9.86017932157425,2.0958200622324306,0.004289100204213389,0.9113563523978139
sub_5,8,1000,38.00983941565217,2.444560655187539,5463.8769535,-4.5743390173565344e-05,37.99977491177499,2.2566925026988405,-0.0048827005208857575,0.856978375741686,29.0,12.104347826086958,1.7294504368599666,4.084572759172309,0.6708330278831675,0.0012675685170088127,0.7935275151379676
sub_5,10,1000,25.030776209101393,4.272567738061075,2540.624425,-0.00014542667634749194,25.038072100257843,4.244295893968201,0.004037402896032544,0.1342064158471822,5.0,2.9556359050649745,0.49176972224490684,1.2295672256892374,0.0056797547382636815,1.590469874135517e-05,0.9010581736931996
sub_5,11,1000,30.55949850833332,7.198452659018254,29337.090439500003,1.8761306921589515e-05,30.55978279218101,7.043810415677782,-0.00017741722676919609,1.078053269903514,34.0,2.125,2.5580316198292183,6.402791004567867,1.2033331921745842,0.011027343224387311,0.9350966339080913
sub_5,12,1000,34.53299323333333,10.452251943683597,4143.931173999999,0.0002206902371164288,34.53646985470786,10.32919081451957,-0.0037878635833390965,0.9320955755339898,8.0,4.0,1.7491754228165024,6.719033041720696,1.1463562775775034,0.0018024343902658295,0.9169308108377993
sub_6,1,1000,8.47398835561447,0.26928706068875263,1572.6198189999998,-4.715182736006785e-06,8.474725852066793,0.2638314183860054,-0.00028169993328106555,0.023407393990025158,36.0,11.638997106415998,0.0171380673364017,0.09820556176769156,0.00045099600449026087,1.9438411003537996e-05,0.9193746955218242
sub_6,2,1000,10.107827186956548,0.6092628008938066,1749.4827750000002,1.0052038084271903e-05,10.108467992721048,0.6058891642663079,-0.0002206827688538829,0.042959412661497456,21.0,7.279744400085508,0.048226005010109624,0.2064117417937265,0.001635792191220185,6.078891796598298e-05,0.949714337707059
sub_6,3,1000,12.104363116957538,0.7377793829821483,1436.3765624999996,-2.1298906709339922e-05,12.105547749720179,0.7295274326693841,0.000694164179060453,0.04655904880783167,6.0,3.0336993435411697,0.10636868757043316,0.4536785736546193,0.00093761106851742,1.1910700578266174e-05,0.910011929482822
sub_6,4,1000,10.648710938329428,0.6863869392409814,1705.1140385,-1.4708507364044827e-05,10.65046430757291,0.6833747503875903,-0.0004607748372310232,0.02359453964247843,40.0,14.988290398126464,0.027435278410392124,0.159550109898278,0.0009522235985129092,2.5035621149030753e-05,0.9118894577544595
sub_6,5,1000,9.160977006029285,0.5528922314446668,1329.477676,-1.3063381005717656e-05,9.161365654324166,0.5488169601600424,0.00035434522423846243,0.012760898444321532,36.0,14.883720930232558,0.017671093472132044,0.07005117148078599,0.0002605377464375664,7.66117035496487e-06,0.9239641603096215
sub_6,6,1000,11.240616006814312,0.9116860921954196,1649.5492494999999,-2.1190304558039817e-05,11.239595447705058,0.9049201433471904,0.0018721154157146783,0.03272424458010017,7.0,2.8620102214650767,0.06430085356105832,0.2884824656945079,0.0008385606459661549,1.5320217857181635e-05,0.9203645892360551
sub_6,7,1000,12.746581614213195,0.4187506260063913,2511.063844500001,1.944667419818056e-06,12.745899689495701,0.37342753802439105,0.002110296908963808,0.1274572451984765,12.0,3.654822335025381,0.2720322741619075,1.2982491997598862,0.038988930822020415,0.0008485571522940912,0.7293981783186952
sub_6,8,1000,10.846766024347826,0.2543874834829448,1559.2116245000002,-5.1076218517385e-07,10.84338000543466,0.22678637268591356,-0.00048530667714825144,0.06433689684716991,11.0,4.591304347826087,0.10926096971661728,0.4698626408249271,0.002805428311380094,7.48003531266034e-05,0.7480860285031399
sub_6,10,1000,15.371115870779597,1.1838231969863473,1560.167867,-3.929753230887591e-05,15.372441402848121,1.177378554287263,0.0008729948777076762,0.039858234015619325,8.0,4.72901744810396,0.07722218781434842,0.31274682844428764,0.0020470573130827014,1.8173346531685054e-05,0.8785408878735927
sub_6,11,1000,11.341674512500003,1.8496640584901862,10887.996257500005,-2.476444857785676e-06,11.34120976195803,1.837850797090089,3.7521753953450394e-05,0.1532146798030269,16.0,1.0,0.3423641139378753,1.513164208725987,0.02237244127964375,0.0020863893216819837,0.9733569448245046
sub_6,12,1000,8.212261725,0.1567915544335569,985.4632414999999,-1.2028946884068663e-06,8.211493634766514,0.14256576925653894,-0.0011073417304345602,0.03392194902479132,10.0,5.0,0.019592468603167656,0.04604336405655413,0.001966831781603769,6.471617715616053e-05,0.7309946504751785
sub_7,1,1000,24.834221766002276,1.7315966763640578,4608.785059500002,-3.1482057044415755e-05,24.83419014716652,1.7165134185116728,0.0016712936433187953,0.15601832011227007,9.0,2.9097492766039994,0.6587650247360012,1.3783333968021156,0.008976811519853172,3.9076804598564414e-05,0.9385362597348111
sub_7,2,1000,19.22270071584154,1.2933604557329543,3327.1022415,-2.1375752827228793e-05,19.223388238451886,1.2875100218928177,0.0005373127095940914,0.069136099118893,10.0,3.4665449524216703,0.1512749706331924,0.7006262358333477,0.005962655063180195,4.291684366713881e-05,0.9195117029550478
sub_7,3,1000,14.450856236358886,0.23420010746890202,1714.8259065,-2.973740953669205e-06,14.45063533395338,0.17620162124246125,0.002290605677018461,0.111602085930807,7.0,3.5393159007980315,0.287441197476277,1.0546894753292966,0.009403100786672926,9.959092985199686e-05,0.29027877435571603
sub_7,4,1000,25.789116833723657,1.6939866177593303,4129.457351999999,-3.5382068227688244e-05,25.792339077225257,1.675812571394445,-0.001192448895379553,0.202346722273931,8.0,2.9976580796252925,0.5314181061484933,1.9600709990135123,0.016230363259114228,8.113868634242062e-05,0.9156055257357928
sub_7,5,1000,18.612789760551248,1.9059166567452919,2701.1620635000004,-4.5249650348153145e-05,18.6148081206821,1.9017066036889665,0.00010785210892732381,0.014896821940710047,15.0,6.201550387596899,0.006432645707906567,0.01882173079276491,0.001069246225464799,6.691101129712216e-06,0.9138162854741066
sub_7,6,1000,26.030353696763203,2.5476239270636043,3819.929082,-5.956194382598621e-05,26.032260200684526,2.531906232028636,0.003208864808930757,0.05321868701157683,1.0,0.4088586030664395,,,0.0019425589583923625,6.989441442563929e-06,0.9134944563104387
sub_7,7,1000,19.368935756345177,4.559293566960854,3815.6615759999995,7.559421301183192e-05,19.370322541556828,4.520201720213161,0.0007166009723646744,0.4541616082911934,13.0,3.9593908629441628,0.927685279316505,3.6541914479973956,0.3578683704320087,0.005246824109596095,0.9409330539962268
sub_7,8,1000,22.332530546086954,2.448704535927904,3210.2772835,3.203664681887852e-05,22.327989912019405,2.3419247883334537,0.0034404999054875015,0.49493072213143013,5.0,2.0869565217391304,1.868592241017958,4.815851897159826,0.05838267182079176,0.00040202707472348327,0.8428476863614065
sub_7,10,1000,33.13860966887025,2.0999277308183877,3363.5695605,-7.055303681742609e-05,33.14480641548435,2.0584069032341,0.0016619764461745215,0.2549637373491256,3.0,1.7733815430389848,0.5110521730260973,0.6588751950703409,0.009429190107270363,2.008796324766598e-05,0.876316985385052
sub_7,11,1000,21.803981133333323,5.306704020670092,20931.792394999997,7.056362566889712e-06,21.803767896780425,5.259991729055591,9.52453683638965e-05,0.5241335576120065,20.0,1.25,2.2298130974111103,12.71174240548521,0.275443177507192,0.003828470824581884,0.9669889509079248
sub_7,12,1000,18.716807391666666,1.3007884985245284,2245.9961345,-3.525791409340431e-05,18.68538934648518,1.2954407845964875,-0.0006299847228970312,0.11916519615958955,10.0,5.0,0.06289592847522185,0.25393464106801045,0.004217553683660724,1.983564333499676e-05,0.8868296876046424
sub_8,1,1000,14.673944994961822,0.2944356984147033,2723.2205384999997,-3.80818109705366e-06,14.674944538746361,0.2878270996521019,-0.00018231169388304967,0.01755723847025599,31.0,10.022469730524888,0.015518949558233018,0.11588910631538545,0.0008123225158338045,1.309191674329752e-05,0.9088940726988106
sub_8,2,1000,18.414346590941918,0.6642430554955092,3187.191499,-1.2159916111527064e-05,18.410389549747926,0.6606634789132558,0.001132939924482228,0.03171070755045833,16.0,5.546471923874673,0.035321330800527004,0.19793296848784248,0.0012838214688464889,1.1337540975431128e-05,0.9366742706840745
sub_8,3,1000,19.32961035502709,0.9473506022172652,2293.7675650000006,-2.753751859544428e-05,19.330591661236483,0.9395992498908977,0.000976155902991193,0.009959900964159232,99.0,50.0560391684293,0.016565479949178796,0.09432753492281484,0.0017907297708404388,9.552905795875984e-06,0.9051798923314028
sub_8,4,1000,27.946517414519906,3.645448114695634,4474.90796,-7.879058332947065e-05,27.948442946096993,3.6340375565145515,0.001930863606082062,0.026483509108408024,10.0,3.747072599531616,0.048974441866742026,0.1671977796708049,0.0020966693597691275,6.893458089889777e-06,0.9246016079259582
sub_8,5,1000,15.715505495262704,0.5485450570053281,2280.6971854999997,-1.3031344288685463e-05,15.71668054340626,0.5451865537483009,-2.9091420342401653e-05,0.007821974711110806,149.0,61.60206718346254,0.010937310543300724,0.024232334012077725,0.0006727004937127989,7.51165819862731e-06,0.9210984012407094
sub_8,6,1000,20.05835929812606,1.3666184319019796,2943.5444629999997,-3.2030665493851016e-05,20.058986707740075,1.3588344530828658,0.0017095841119406788,0.02881108591888385,5.0,2.0442930153321974,0.006793749845532849,0.010894746725388725,0.001971633713427617,1.2553873786858439e-05,0.9178371798802374
sub_8,7,1000,28.914824649746194,11.070665308168051,5696.1918365,0.00018650654682289935,28.914748756719657,11.05771774492885,0.0005400442088320665,0.3564492242417659,19.0,5.786802030456853,0.4260382481578811,2.402287426738103,0.2502800017944901,0.0017839870724319783,0.966064795189145
sub_8,8,1000,22.988876841739128,4.744870321534418,3304.6241295000004,9.546586020851409e-05,22.968211635467277,4.692885121649272,0.002886530446019846,0.25237198219323825,11.0,4.591304347826087,0.6844339122291382,1.3175859751408932,0.09484716625080375,0.0009688019288729488,0.8972037902853265
sub_8,10,1000,25.769740534576016,1.0435764772693463,2615.628789,-3.5528453707454964e-05,25.774664343622625,1.0369943140082738,-0.000916159625582762,0.021600573968772102,15.0,8.866907715194923,0.00600007059620975,0.010547238483501078,0.00350704952808404,1.3369893350645013e-05,0.8880950087779225
sub_8,11,1000,20.39010406145833,6.785974822231034,19574.478511999998,1.1861290502582715e-06,20.389569947602844,6.688698276492633,-9.108373217937298e-05,0.8694626715901607,4.0,0.25,7.695861943890412,28.647937277062532,1.1855331552113926,0.01168024257422899,0.960293045816991
sub_8,12,1000,33.983902425,0.946608172452636,4078.0340195,-9.707509855623362e-06,33.979410201024834,0.8056138038555462,0.006393346428717818,0.32842393945739534,12.0,6.0,0.5434239485843421,2.297549013626063,0.05339220500802695,0.00011139744349584224,0.5942824621979139
sub_9,1,1000,21.638175328559193,2.2079178317770327,4015.6579664999995,-3.444414370483263e-05,21.639206440132135,2.199536333527662,0.00016432907686645025,0.08058111342881076,5.0,1.6165273758911107,0.08109438005804669,0.3674425951735497,0.0015138148628421949,1.0809899915106736e-05,0.9685297984119887
sub_9,2,1000,21.046602514400607,2.029818426287935,3642.78497,1.7473582785951307e-06,21.046221763505457,2.01672809600326,0.00021697461523073622,0.13889470003664803,5.0,1.7332724762108351,0.04463375904860786,0.18942841349871148,0.05206174124272331,0.0003117876231045868,0.9280892663798143
sub_9,3,1000,22.673602155611928,1.253200725630991,2690.5870695000003,-3.421048452992895e-05,22.680986213017444,1.221463407251869,-0.0007198473477493883,0.1094649930318524,4.0,2.0224662290274464,0.3908656164704451,0.9280677162127133,0.0037659194532919495,1.4271838160175543e-05,0.8865264971591815
sub_9,4,1000,21.231834148321624,3.1873319214854905,3399.726568999999,-6.87168523872208e-05,21.23576743496698,3.183176423071184,-0.0010034321234763637,0.05029439660197897,2.0,0.7494145199063231,0.004750828656130964,0.007101543207978726,0.0016389974577441955,8.87812619171836e-06,0.9433543963759786
sub_9,5,1000,16.695202721791556,0.8751962708812879,2422.8752645,-1.8661298233264364e-05,16.700127353716113,0.8585166875750516,-0.001763568458296232,0.07950154622923353,3.0,1.2403100775193798,0.003365362027515313,0.006341097259740157,0.00473531510703307,4.219915638413956e-05,0.9030867271936569
sub_9,6,1000,15.211411509369679,1.0634522256953336,2232.2602405,-2.435484997519626e-05,15.208942383832655,1.0521092176909246,0.004626790163044106,0.043908307036817994,4.0,1.635434412265758,0.005057198820028832,0.007287788154595454,0.0007838323027694712,9.172927086248736e-06,0.9265527396778099
sub_9,7,1000,31.690575766497457,2.7353762577602225,6243.012904,3.738234001331636e-05,31.692117284516048,2.654026625895884,0.00044740674497191295,0.44588916921759353,5.0,1.5228426395939085,1.5256886047213853,3.8726230836427593,0.4969037131365059,0.002130050886002764,0.9007080521072455
sub_9,8,1000,13.452206859130431,1.3246424169165494,1933.7399270000003,2.2231997295146494e-05,13.44419215534084,1.2899397175130034,0.00011912231322174787,0.09150501814734077,6.0,2.5043478260869567,0.04745197354665265,0.23397873347974701,0.0008842288518063372,1.4524827891147203e-05,0.84637302636851
sub_9,10,1000,31.454886552841838,1.8872099407918557,3192.6716794999998,-6.334419930429577e-05,31.46666371419995,1.863162978260285,-0.002557240549357366,0.14471008907643107,2.0,1.18225436202599,0.8290380450256072,1.1876476860427891,0.009379200673854378,2.385138081510656e-05,0.8899513971952054
sub_9,11,1000,20.343439092708334,5.496517581074886,19529.67354999999,-3.756567966931569e-06,20.34390533089972,5.470172016350537,-0.0002956352883672884,0.3801155442818414,14.0,0.875,1.1236321649636938,5.83252835329015,0.12259594568809218,0.0021122626458390165,0.9778238064152622
sub_9,12,1000,32.981586175,1.4128578009093966,3957.757874,-2.0324143872367776e-05,32.989550627838824,1.2931470411519352,-0.00556215635969103,0.33312007469614396,5.0,2.5,0.858152142105007,2.053586041609977,0.024247242878382903,4.497601731618977e-05,0.7742677264661404
