subject,video,sampling_rate_hz,ECG_HR_Mean,ECG_HR_SD,ECG_HR_Median,ECG_HR_Max,ECG_HR_Min,ECG_R_Peaks_N,ECG_Beats_per_min,ECG_HRV_SDNN,ECG_HRV_RMSSD,ECG_HRV_pNN50,ECG_HRV_LF,ECG_HRV_HF,ECG_HRV_LFHF,ECG_HRV_SD1,ECG_HRV_SD2
sub_1,1,1000,75.16013453127938,3.4614749292643463,74.71174519417978,89.68609865470852,67.34006734006734,232,75.00687024134754,36.85059339774915,25.148601828194018,3.0303030303030303,,,,,
sub_1,2,1000,77.59032723101113,9.867733717658037,74.75748565246329,103.09278350515464,63.15789473684211,224,77.65060693424542,95.01409081414184,33.269917153299126,10.762331838565023,,,,,
sub_1,3,1000,76.73617388015322,3.2543053930249184,76.58117352282412,88.36524300441826,68.88633754305395,151,76.3481001457861,33.85757509773672,25.670603143903964,4.0,,,,,
sub_1,4,1000,71.49616240132247,5.3101420362384015,70.83825265643448,87.3362445414847,59.642147117296226,190,71.1943793911007,62.60161389585989,40.376683813120174,19.047619047619047,,,,,
sub_1,5,1000,76.15060414241104,4.668754401326114,75.76239374960362,92.02453987730061,61.91950464396285,184,76.07235142118863,48.92281085512168,29.130060754492764,6.0109289617486334,,,,,
sub_1,6,1000,72.4343179907665,4.076651583860521,72.26389363331566,84.50704225352113,62.89308176100629,177,72.3679727427598,47.579608955010215,30.901132665324745,10.795454545454545,,,,,
sub_1,7,1000,84.23911041716151,12.551630228292886,81.50860894140297,111.52416356877323,55.71030640668524,276,84.06091370558376,108.08102505116928,40.49898619980109,13.818181818181818,,,,,
sub_1,8,1000,78.99751328780565,4.603988309738975,78.27167088767118,91.88361408882082,68.41505131128848,189,78.88695652173914,44.442609315977464,25.97180700987686,3.723404255319149,,,,,
sub_1,10,1000,73.88922523272467,3.3225983634229013,74.03404763333901,82.98755186721992,64.58557588805166,125,73.89089762662437,37.75890083390447,29.204215087240208,8.064516129032258,,,,,
sub_1,11,1000,74.54460854228799,6.343247346276648,74.88908553891241,119.04761904761905,50.29337803855825,1192,74.5,70.63064661776971,44.52956717666562,18.052057094878254,,,,,
sub_1,12,1000,71.51466667206182,6.225986587990601,70.54077247538152,91.88361408882082,61.34969325153374,143,71.5,71.71032590968834,44.78823300380176,18.30985915492958,,,,,
sub_10,1,1000,70.32181541373055,3.7308478670130145,70.02732579741868,85.47008547008548,62.82722513089006,217,70.15728811367421,44.359276277950386,20.25500225324771,0.4629629629629629,,,,,
sub_10,2,1000,72.31821812323787,3.543427866622427,72.20024869102656,83.68200836820084,65.57377049180327,209,72.45078950561292,40.929164275542135,19.430664544417446,0.9615384615384616,,,,,
sub_10,3,1000,70.85471105608008,3.366586489970969,70.49958621321413,79.6812749003984,65.0759219088937,140,70.78631801596063,40.46503734350095,18.37275077429868,0.0,,,,,
sub_10,4,1000,68.73735405749355,2.843415990688487,68.55903879218047,75.0,62.43496357960458,183,68.57142857142857,36.796663500672686,21.053601678724924,1.098901098901099,,,,,
sub_10,5,1000,73.30196301008255,5.169766409715771,71.53944338999743,88.88888888888889,66.66666666666667,177,73.17829457364341,55.8544906285665,20.269047479205472,1.1363636363636365,,,,,
sub_10,6,1000,73.71974602423988,1.6434880036364297,73.8467416026981,77.41935483870968,69.60556844547564,180,73.59454855195912,19.02233984277349,17.48611005752338,0.0,,,,,
sub_10,7,1000,72.74406383542576,2.5844933355309556,72.74768325486886,88.88888888888889,66.1521499448732,239,72.79187817258884,30.650923859249694,18.220404012064858,0.8403361344537815,,,,,
sub_10,8,1000,72.72056710293634,2.507407768831138,72.81625584151071,81.74386920980926,66.59267480577137,174,72.62608695652173,28.87511060355014,15.794832831848728,0.0,,,,,
sub_10,10,1000,76.39187043351569,4.599242517036372,75.23672568682407,95.54140127388536,71.34363852556481,129,76.25540635067635,44.85014143799186,17.37837374485162,0.0,,,,,
sub_10,11,1000,76.95614204729182,6.3117721759095575,75.43699289661117,106.38297872340426,65.50218340611353,1231,76.9375,61.96453616560743,23.64259578032615,3.577235772357724,,,,,
sub_10,12,1000,76.6591718769038,4.015790971742757,75.73865821485845,86.58008658008659,70.17543859649123,153,76.5,40.83652128788375,15.993169071626873,1.3157894736842104,,,,,
sub_11,1,1000,68.72714286522613,2.940244768480525,68.30430299500559,82.07934336525308,62.24066390041494,213,68.86406621296132,37.56894880528676,28.018781784749702,6.132075471698113,,,,,
sub_11,2,1000,67.01456687978894,2.600744192946616,66.81184486382578,76.82458386683739,62.04756980351603,193,66.90431758173824,35.47234215901275,28.551689142318377,6.770833333333333,,,,,
sub_11,3,1000,69.6511284088259,3.551018988840523,69.48337676290485,79.15567282321899,61.855670103092784,137,69.26946834419005,45.14258215157333,32.46399715240117,12.5,,,,,
sub_11,4,1000,64.80423266479598,3.19143853746182,64.35327206112095,76.04562737642586,59.28853754940712,173,64.82435597189696,46.53915814509404,35.60767379018936,14.534883720930234,,,,,
sub_11,5,1000,68.66037631355165,2.6757168589360307,68.41664589637561,78.43137254901961,62.95907660020987,166,68.63049095607235,35.030640162360356,29.153086269285286,5.454545454545454,,,,,
sub_11,6,1000,66.53628184491883,3.739340667836059,65.80842676681203,81.9672131147541,59.7609561752988,163,66.64395229982964,50.351435736683236,34.78701835401725,8.024691358024691,,,,,
sub_11,7,1000,68.11210322380576,4.14013550966818,67.48526623135106,87.3362445414847,59.40594059405941,223,67.91878172588832,53.56455136959395,39.696415831460826,19.81981981981982,,,,,
sub_11,8,1000,72.06536328618863,5.605458884356699,72.64057832385265,85.34850640113798,60.06006006006006,172,71.79130434782608,66.69769143938682,33.32584229552019,9.35672514619883,,,,,
sub_11,10,1000,69.24567782473912,3.765257779128725,69.3865033315738,76.82458386683739,51.23825789923142,117,69.1618801785204,53.983977855169826,51.970392909140436,8.620689655172415,,,,,
sub_11,11,1000,67.39873309569741,5.484907666498146,66.74862184727382,89.15304606240713,54.64480874316939,1078,67.375,72.25439815610278,45.14398690748687,22.284122562674096,,,,,
sub_11,12,1000,68.65572286725119,6.564172175851011,67.14721272159099,89.82035928143712,59.523809523809526,137,68.5,81.1298426083508,35.10365602991612,15.441176470588236,,,,,
sub_12,1,1000,50.9502863387082,2.986687287436156,51.02536305881985,63.224446786090624,43.859649122807014,157,50.75895960298087,70.90841347637792,48.16845440742312,30.76923076923077,,,,,
sub_12,2,1000,60.32224231948281,5.509067627036231,59.60434037841785,76.33587786259541,47.430830039525695,174,60.317882172137075,91.4773663237865,53.463364983405576,35.26011560693642,,,,,
sub_12,3,1000,52.25270316995387,3.288607201997615,51.55104923318109,63.89776357827476,46.40371229698376,103,52.07850539745675,73.25955855600957,50.526436566209654,34.31372549019608,,,,,
sub_12,4,1000,53.744280372754694,2.761658892073769,53.76500899894462,62.43496357960458,46.80187207488299,143,53.58313817330211,59.802552371974706,46.01071413923975,32.3943661971831,,,,,
sub_12,5,1000,53.16161212712674,3.008763286939709,52.84873730928854,62.17616580310881,46.72897196261682,129,53.33333333333333,65.77271199523904,48.263548136664774,33.59375,,,,,
sub_12,6,1000,52.6245445027601,3.0759397784694964,52.21749242373113,67.95016987542469,46.692607003891055,128,52.33390119250426,67.22952029391651,49.35818228754133,36.22047244094488,,,,,
sub_12,7,1000,64.72343721936105,10.472454861494436,62.24188119682613,94.04388714733543,47.96163069544365,212,64.56852791878173,147.59541597088048,46.692815803065976,19.90521327014218,,,,,
sub_12,8,1000,55.473355001710345,3.784727732530896,55.185355886135085,66.66666666666667,48.701298701298704,133,55.513043478260876,75.59987679707284,57.23441819355028,44.696969696969695,,,,,
sub_12,10,1000,54.24635071768097,3.69757680016743,54.10406686306746,64.93506493506493,48.0,92,54.38370065319553,76.71537869586076,48.94134811747175,34.065934065934066,,,,,
sub_12,11,1000,54.836669134595255,6.060947489488686,53.438087403333626,86.20689655172414,42.85714285714286,877,54.8125,117.03283060324775,65.92448493758381,43.49315068493151,,,,,
sub_12,12,1000,55.404366961049895,5.294289986310736,54.05376448950736,75.18796992481202,46.43962848297213,110,55.0,101.86686727115182,66.68263697600804,45.87155963302752,,,,,
sub_13,1,1000,82.04489895098004,8.971094638372533,79.87987860061037,106.38297872340426,69.68641114982579,254,82.11959069526843,78.00299232059504,27.31510716371216,6.324110671936759,,,,,
sub_13,2,1000,77.23712908092594,7.656564208309698,76.19877264370108,101.35135135135135,64.6551724137931,223,77.30395243900325,76.05954308841726,40.50948160057731,21.17117117117117,,,,,
sub_13,3,1000,79.56758699748005,5.605113506392043,79.31614108525503,95.23809523809524,67.0391061452514,157,79.38179948932728,54.547498670873686,37.9611006332841,16.025641025641026,,,,,
sub_13,4,1000,71.7823300314386,4.6317589931281224,71.48256053656536,82.07934336525308,59.880239520958085,191,71.56908665105387,55.46504264097967,43.733560781444936,27.368421052631582,,,,,
sub_13,5,1000,78.54783105392187,4.784782122541994,78.4192690171138,90.9090909090909,68.88633754305395,189,78.13953488372094,47.34879881869581,37.32019281091471,19.680851063829788,,,,,
sub_13,6,1000,74.30344392168745,4.4371549757661475,74.3260865604372,84.6262341325811,65.50218340611353,181,74.00340715502556,49.358630083798154,39.40599449620117,25.0,,,,,
sub_13,7,1000,86.44295686851433,9.33597673087864,84.79000820090116,114.94252873563218,67.87330316742081,283,86.19289340101523,74.02866721972553,35.29287730707288,14.539007092198581,,,,,
sub_13,8,1000,78.62403974529647,8.014645165729481,77.26696269983331,102.04081632653062,66.88963210702342,188,78.4695652173913,76.46981362646918,43.299345645556045,21.92513368983957,,,,,
sub_13,10,1000,78.86631842081117,5.277474506349983,78.52337815255382,91.6030534351145,67.72009029345372,133,78.61991507472833,52.20722645921693,41.775572686468855,27.27272727272727,,,,,
sub_13,11,1000,76.09243350388499,6.921245304796469,75.21267140969647,107.71992818671453,59.940059940059946,1217,76.0625,70.27861967767298,42.144724198620374,21.38157894736842,,,,,
sub_13,12,1000,71.98168875079095,4.616366875880403,71.66972421246012,87.71929824561403,61.34969325153374,144,72.0,54.08531514096382,38.537342416977594,19.58041958041958,,,,,
sub_14,1,1000,62.41368846491772,2.5919062067799636,61.79717910740145,72.63922518159806,58.47953216374269,193,62.39795670939687,39.89364918107326,28.101163546553664,4.166666666666666,,,,,
sub_14,2,1000,64.14391321598731,2.371544471247145,63.80435740533658,76.14213197969544,59.7609561752988,184,63.784427124558746,35.15767897857809,29.020076415558165,4.918032786885246,,,,,
sub_14,3,1000,62.66690222351787,3.349622514096992,62.44890003110861,76.92307692307692,58.252427184466015,123,62.190836542593985,50.49676004152914,34.6064055600278,13.934426229508196,,,,,
sub_14,4,1000,61.685067773814595,3.6487715746936935,60.75366168829772,75.66204287515762,55.504162812210915,165,61.82669789227167,57.64425593592223,38.70249908704633,16.463414634146343,,,,,
sub_14,5,1000,64.65235748000393,7.454262723312283,61.921916238204254,90.22556390977444,58.13953488372093,156,64.49612403100775,98.57820077159501,36.66618456983342,12.903225806451612,,,,,
sub_14,6,1000,64.54022813430535,4.314046958629039,63.3658505866436,79.6812749003984,58.13953488372093,158,64.59965928449745,61.07212879776586,39.626056566031885,17.8343949044586,,,,,
sub_14,7,1000,61.80422092236024,3.228503930442979,61.11518085812819,77.22007722007721,56.39097744360902,203,61.82741116751269,50.603532744564724,38.351801737563946,14.85148514851485,,,,,
sub_14,8,1000,62.272170276933686,2.8380482830854916,61.65556993191778,76.62835249042145,58.47953216374269,149,62.19130434782609,43.11472145029291,31.916771016330006,9.45945945945946,,,,,
sub_14,10,1000,60.34968727802243,2.4419430445522554,60.1112528303511,71.8562874251497,56.12722170252573,102,60.294972463325486,40.97744851901729,37.57685457831722,14.85148514851485,,,,,
sub_14,11,1000,63.776607373502515,4.939366813793792,62.65916879115603,92.87925696594426,56.12722170252573,1020,63.75,69.71758781499271,42.06381390314703,19.528949950932287,,,,,
sub_14,12,1000,64.75788363745993,7.228648942309709,61.95480181372273,87.5912408759124,56.81818181818181,129,64.5,100.78680503368304,51.03480362558831,24.21875,,,,,
sub_15,1,1000,72.44277172808916,3.768369200366164,72.80978619574798,81.19079837618403,62.43496357960458,223,72.09712096474354,46.14398283381216,47.055084693103176,31.53153153153153,,,,,
sub_15,2,1000,69.20217780498724,5.774386430387483,68.25809659217596,83.91608391608392,59.28853754940712,199,68.98424455319125,73.9698418752548,61.77300019668376,35.35353535353536,,,,,
sub_15,3,1000,72.2461473903163,3.7027157745803394,72.2884855866167,81.74386920980926,62.82722513089006,142,71.79755113047435,45.38083697709465,46.25789507903334,31.20567375886525,,,,,
sub_15,4,1000,72.02092780412555,4.642245594831888,71.82141628537158,83.91608391608392,62.5,192,71.94379391100702,56.827635529059656,55.21346136395973,36.12565445026178,,,,,
sub_15,5,1000,71.23494083156483,4.38981470332497,71.33618406250554,82.64462809917356,59.582919563058596,172,71.11111111111111,55.02747851585483,53.99912853327302,36.25730994152047,,,,,
sub_15,6,1000,73.14480974372518,4.65393434144769,73.45248560757528,87.08272859216257,62.82722513089006,178,72.77683134582624,55.17050716936646,50.7817858363338,31.63841807909605,,,,,
sub_15,7,1000,73.50334730663916,8.105735726367735,71.94298345363178,103.09278350515464,60.91370558375635,240,73.09644670050761,88.60029240318902,54.59949671944611,31.799163179916317,,,,,
sub_15,8,1000,72.1438693063694,4.960317049403163,71.74215757806942,89.28571428571428,62.695924764890286,172,71.79130434782608,59.25158849848739,52.3465825616377,37.42690058479532,,,,,
sub_15,10,1000,74.48851744145503,3.19891580445741,74.45498947702815,86.08321377331421,66.81514476614699,126,74.48202480763736,36.43613590928654,36.55100281047858,19.2,,,,,
sub_15,11,1000,71.50193745359587,6.317961471485423,71.36809474141836,91.04704097116843,54.24954792043399,1143,71.4375,76.91020997459024,62.888818606305186,38.704028021015766,,,,,
sub_15,12,1000,73.52612683129388,6.179835445586512,73.84375414334791,88.75739644970413,57.971014492753625,147,73.5,72.61162696383673,57.84014832813527,33.56164383561644,,,,,
sub_16,1,1000,58.49232587097022,4.045495351273042,57.5742592979544,75.66204287515762,52.770448548812666,181,58.518291007258206,74.38481215496621,87.87087402998388,61.111111111111114,,,,,
sub_16,2,1000,61.45369273362146,4.360328399706878,60.67120225627208,83.79888268156425,54.94505494505494,177,61.357845657863564,72.0147385257703,85.57689941967817,64.20454545454545,,,,,
sub_16,3,1000,54.28564830450362,2.6516032698382666,53.90034637406246,66.44518272425249,50.25125628140704,107,54.100971626484196,60.11536453361888,85.02122984178438,62.264150943396224,,,,,
sub_16,4,1000,56.25949184106865,3.208582502155186,55.83793679770373,66.3716814159292,50.76142131979696,150,56.206088992974244,67.45465050566406,94.21715141958826,67.78523489932886,,,,,
sub_16,5,1000,54.195174417921315,2.976906358198659,53.39336784293772,63.62672322375398,49.09983633387889,131,54.16020671834625,66.4055482591215,90.38981042936956,63.07692307692307,,,,,
sub_16,6,1000,56.881492268730696,3.478748893367916,56.15571662528297,67.18924972004478,50.125313283208015,139,56.83134582623509,71.70443701718126,103.39768030265864,73.18840579710145,,,,,
sub_16,7,1000,56.38631669037297,3.7063376088524995,55.80532700144197,74.62686567164178,50.462573591253154,184,56.04060913705584,75.66597847807968,100.93777323645527,67.21311475409836,,,,,
sub_16,8,1000,58.1924885736282,3.33503224688768,57.62283263891038,69.04487917146145,52.038161318300084,139,58.017391304347825,65.1626844670173,90.2524035711236,65.21739130434783,,,,,
sub_16,10,1000,58.84975057371304,3.7642266828505457,57.87695451862866,72.02881152460985,51.99306759098787,100,59.11271810129949,69.75763768106185,88.61870857896814,63.63636363636363,,,,,
sub_16,11,1000,55.60130988226164,4.180103725280663,54.662135038455546,87.46355685131195,46.43962848297213,888,55.5,85.63204147150634,110.79737163884687,69.67305524239008,,,,,
sub_16,12,1000,55.41153912747451,3.4980044899943312,54.81519022123041,69.44444444444444,50.0,111,55.5,75.1582483957567,104.78225565866309,69.0909090909091,,,,,
sub_17,1,1000,67.51394039566054,2.7381170952647724,67.25408147511222,75.66204287515762,61.79196704428424,208,67.24753883707021,39.00335516084857,44.824468872578265,31.40096618357488,,,,,
sub_17,2,1000,68.67109845945815,3.390950925293236,68.58143264672874,79.7872340425532,62.04756980351603,198,68.63759005794907,45.52355117737895,42.61550929712164,28.426395939086298,,,,,
sub_17,3,1000,69.07224377291433,2.869427208830933,69.02418106153497,76.43312101910827,61.79196704428424,136,68.76385178693319,38.837969032698574,41.381281369251894,22.962962962962962,,,,,
sub_17,4,1000,68.69169362585558,5.7385720602740795,67.11630994204008,92.44992295839754,61.664953751284685,183,68.57142857142857,70.78572722776377,51.185395879891516,35.16483516483517,,,,,
sub_17,5,1000,68.90010873219431,3.164982495968996,68.46088045310634,80.10680907877169,62.761506276150634,166,68.63049095607235,42.47817577992892,46.61054261566614,37.57575757575757,,,,,
sub_17,6,1000,68.82746658204415,4.484374496553463,67.84908829210681,89.82035928143712,62.43496357960458,168,68.68824531516184,56.20559426074077,44.51370440120741,29.94011976047904,,,,,
sub_17,7,1000,68.26054342932812,3.651046844133614,67.92600734813485,81.19079837618403,61.03763987792472,223,67.91878172588832,49.622650304678054,49.97153035633236,37.38738738738739,,,,,
sub_17,8,1000,67.5563785176625,3.4916203838901874,67.32123801356215,78.32898172323759,60.483870967741936,161,67.2,48.17733065124349,45.214026320386786,33.125,,,,,
sub_17,10,1000,69.53894184140741,5.482860798589922,67.88509317424247,84.98583569405099,62.17616580310881,118,69.7530073595334,67.90741082991858,43.241602732745136,29.059829059829063,,,,,
sub_17,11,1000,67.71796452853604,4.168281709824371,67.23647426133536,96.93053311793214,58.30903790087464,1083,67.6875,54.88927791513961,51.78679697013064,34.473197781885396,,,,,
sub_17,12,1000,65.4220526158943,3.1479581830968066,65.06002260015049,79.6812749003984,59.28853754940712,131,65.5,46.44018472513552,50.3951055824538,35.38461538461539,,,,,
sub_18,1,1000,74.82612298721136,4.380798721623994,74.23258322259205,105.4481546572935,63.89776357827476,231,74.68356476616931,46.293801758558125,29.778146202649612,4.782608695652174,,,,,
sub_18,2,1000,76.15590373530215,4.847237274543092,74.99836607835825,96.15384615384616,69.04487917146145,219,75.91733445803459,48.75463655784571,23.756832633459233,2.7522935779816518,,,,,
sub_18,3,1000,73.97631830044676,3.8219259287034104,73.45016517533941,85.71428571428572,65.57377049180327,146,73.82001735950179,42.33596131765116,25.912245067620916,5.517241379310345,,,,,
sub_18,4,1000,75.50296813607177,3.2066418460958017,75.5115260322806,113.20754716981132,65.43075245365321,201,75.31615925058549,32.84759041360415,27.85560398495847,1.0,,,,,
sub_18,5,1000,77.21687378938147,5.450803436382146,76.403840994847,93.31259720062208,62.89308176100629,186,76.89922480620154,54.76816055068637,24.16890294500802,3.2432432432432434,,,,,
sub_18,6,1000,78.1458868902187,3.1457332492922334,77.96020070604183,88.36524300441826,70.50528789659225,191,78.09199318568994,31.3815733632936,17.677295395132496,1.0526315789473684,,,,,
sub_18,7,1000,76.09985571482235,4.734551120534094,75.1124380197908,93.60374414976599,66.2251655629139,250,76.14213197969544,48.83817774966118,27.59163618013209,5.622489959839357,,,,,
sub_18,8,1000,77.6807071517778,7.053869868205738,75.77335784611937,106.38297872340426,67.0391061452514,186,77.63478260869564,66.16123834587333,30.799315350945,3.2432432432432434,,,,,
sub_18,10,1000,76.05113265729399,2.295347464978494,75.90848229108845,83.10249307479225,70.75471698113208,128,75.66427916966336,24.857149681001577,20.938306961468935,0.7874015748031495,,,,,
sub_18,11,1000,78.307332179234,5.323325064355794,77.25839557028846,102.21465076660989,62.95907660020987,1252,78.25,50.98781551287895,26.08610358025897,4.316546762589928,,,,,
sub_18,12,1000,78.8760551790088,5.95666042915771,77.2912022888869,99.83361064891847,68.4931506849315,158,79.0,55.371505981590204,21.115069354519154,1.910828025477707,,,,,
sub_19,1,1000,66.41656477994114,4.720755589751731,65.55062500293825,88.88888888888889,57.41626794258374,206,66.60092788671376,63.73552029368433,42.63778127619756,20.48780487804878,,,,,
sub_19,2,1000,64.4900409907204,6.333672157617321,62.716461724915945,85.59201141226819,55.60704355885079,186,64.47773611504307,89.0651978017197,50.75543449163629,30.270270270270274,,,,,
sub_19,3,1000,63.71914870302983,2.7744506001912277,63.70052973318423,92.16589861751152,58.42259006815969,126,63.70768621436457,40.30700731522594,40.990557527943096,12.0,,,,,
sub_19,4,1000,59.05585180064822,2.542080165210417,58.655312003775435,72.55139056831923,50.29337803855825,157,58.82903981264637,44.851719673285125,42.72130238440017,16.025641025641026,,,,,
sub_19,5,1000,64.11660686527463,6.447972022658627,62.57977054702819,93.75,56.022408963585434,155,64.08268733850129,87.80252128156907,48.676738146688784,27.27272727272727,,,,,
sub_19,6,1000,60.316844104528464,2.7126748751362233,59.7930264949272,76.82458386683739,55.762081784386616,147,60.102214650766605,42.721472732155966,38.36278728502221,14.383561643835616,,,,,
sub_19,7,1000,72.27683370854783,7.984834689572847,70.99726647911822,96.0,58.30903790087464,237,72.18274111675126,91.35980354384601,46.581386109849646,24.576271186440678,,,,,
sub_19,8,1000,64.88653758324374,7.056424990021424,62.22894533938977,85.1063829787234,55.04587155963302,155,64.69565217391305,98.72173018229518,54.74307190474998,27.27272727272727,,,,,
sub_19,10,1000,66.22685009374196,4.879305613558259,65.1458160720406,79.7872340425532,58.99705014749263,111,65.61511709244243,67.17067750586682,39.661873634303845,20.0,,,,,
sub_19,11,1000,65.35940418461514,7.577589496716697,63.162474996123436,99.33774834437087,50.89058524173028,1045,65.3125,101.30836914135867,56.17251881130935,28.065134099616856,,,,,
sub_19,12,1000,66.11101948320929,8.910114149747132,62.92119523837796,97.40259740259741,54.29864253393665,132,66.0,115.60922698751435,47.91354393392011,22.900763358778626,,,,,
sub_2,1,1000,62.7674747551455,3.974511283828893,61.95350107918213,76.72634271099744,55.35055350553505,194,62.72126218457509,61.760942091651735,53.64864474833761,39.37823834196891,,,,,
sub_2,2,1000,68.02250654346973,3.2953567326211464,67.96714057360583,78.22685788787483,60.36217303822938,195,67.59762657222258,46.216286253996785,52.161417460634546,43.81443298969072,,,,,
sub_2,3,1000,61.98639443187393,3.0212774167358876,61.66183985275904,69.68641114982579,55.147058823529406,122,61.68521998533711,50.77358047084331,59.020617866414554,42.97520661157025,,,,,
sub_2,4,1000,62.058500959575596,2.9841821125179164,61.95995552542677,73.17073170731707,56.60377358490566,165,61.82669789227167,50.415892287273365,60.95683879860419,45.73170731707317,,,,,
sub_2,5,1000,62.89568694107472,3.1906045648436927,62.39739449680294,79.05138339920948,56.022408963585434,152,62.84237726098191,50.79848253456563,58.002011459373826,46.35761589403973,,,,,
sub_2,6,1000,62.28407944683611,4.085116854084791,61.751704076116766,80.64516129032258,51.99306759098787,152,62.1465076660988,64.537136835353,65.30829452170171,41.72185430463576,,,,,
sub_2,7,1000,65.5169302161043,5.099481101808941,64.58486203872835,87.08272859216257,57.58157389635316,215,65.48223350253808,71.41693798530237,55.843552424768255,43.925233644859816,,,,,
sub_2,8,1000,66.03082982010075,3.5721577902172768,65.72765369693455,79.26023778071334,59.230009871668315,158,65.94782608695652,51.05784923635955,49.37617249500421,36.30573248407643,,,,,
sub_2,10,1000,63.95902696664658,3.8072695812083968,63.31044744430527,78.32898172323759,55.452865064695004,107,63.25060836839045,58.01284054039363,59.159027005102736,36.79245283018868,,,,,
sub_2,11,1000,66.3790878674001,5.3750135807640556,65.51946836785186,89.95502248875562,51.90311418685121,1061,66.3125,73.56442659120776,60.182552003283725,36.13207547169811,,,,,
sub_2,12,1000,67.84587056847096,5.99432546009708,66.91530573496183,89.82035928143712,58.53658536585366,135,67.5,76.97371944019214,50.07205334631075,32.83582089552239,,,,,
sub_20,1,1000,69.66199366720765,4.765362754046056,69.04862503108713,89.28571428571428,60.79027355623101,215,69.51067716331775,57.89582725219274,28.57811960552677,6.5420560747663545,,,,,
sub_20,2,1000,70.84175638600938,5.567658666442964,70.59447351078967,86.58008658008659,56.71077504725898,204,70.71751702940207,67.44092163182289,35.198025372157026,16.25615763546798,,,,,
sub_20,3,1000,71.72527164902198,5.345898602953351,70.7811133921944,94.04388714733543,59.46481665014867,141,71.29193457321749,61.45625872843381,29.390450169248496,5.0,,,,,
sub_20,4,1000,70.62631927547422,5.08969846072411,69.90534420907147,84.1514726507714,59.7609561752988,189,70.81967213114754,61.336935675061234,32.669549510831054,10.638297872340425,,,,,
sub_20,5,1000,73.80241314897734,8.60569344961121,73.10865285992199,94.9367088607595,58.13953488372093,178,73.59173126614988,94.50652079637382,38.7987230342818,16.38418079096045,,,,,
sub_20,6,1000,71.80709661042643,5.860579257057533,72.19074621277639,87.5912408759124,57.80346820809248,175,71.55025553662692,69.92611612859281,39.53888844444119,16.666666666666664,,,,,
sub_20,7,1000,72.94989543566787,5.587902219242821,72.38852182606546,90.63444108761328,61.03763987792472,239,72.79187817258884,63.3791414927429,30.520726857866432,10.504201680672269,,,,,
sub_20,8,1000,70.53872592898071,4.048700551146603,70.44719238758933,84.50704225352113,61.34969325153374,168,70.12173913043479,49.74165854744756,32.27143912397664,9.580838323353294,,,,,
sub_20,10,1000,70.57941684643752,6.218799420112266,70.2052954151618,85.83690987124464,57.36137667304015,119,70.34413454054639,76.02776698703516,34.81514063010542,11.864406779661017,,,,,
sub_20,11,1000,72.78920354625069,6.9312322619666435,72.52205395063535,112.78195488721803,53.09734513274337,1164,72.75,79.53956408298468,40.17430824580879,14.359415305245054,,,,,
sub_20,12,1000,72.18490160347439,5.5725222532332515,72.4007694454985,84.98583569405099,60.06006006006006,144,72.0,65.36307012885,33.75105632149757,13.286713286713287,,,,,
sub_21,1,1000,71.18636500247061,4.248012640771635,70.88521675163287,88.23529411764706,61.855670103092784,220,71.12720453920888,50.85971871951706,35.02574413618614,14.61187214611872,,,,,
sub_21,2,1000,69.68718846668084,4.7433724155662995,68.79783421383674,83.44923504867873,60.91370558375635,201,69.67755354367559,58.70672788954847,33.901942548218585,14.000000000000002,,,,,
sub_21,3,1000,71.85991886422315,4.823151129000745,72.29836894033615,87.2093023255814,61.664953751284685,142,71.79755113047435,57.02533520389437,38.07614551320626,21.27659574468085,,,,,
sub_21,4,1000,70.20378669645235,3.9242175426334867,70.16484220782255,80.32128514056225,60.483870967741936,186,69.69555035128805,49.333392418528895,40.59897996148479,17.2972972972973,,,,,
sub_21,5,1000,73.81866429245204,4.455886839197329,73.76984096816886,90.09009009009009,62.24066390041494,179,74.00516795865633,50.168690550831556,35.90838940106519,15.168539325842698,,,,,
sub_21,6,1000,76.51348775059182,4.893307854517536,76.15399336435618,92.02453987730061,65.86169045005488,187,76.45655877342419,50.551113279169634,28.86408036184654,6.989247311827956,,,,,
sub_21,7,1000,73.57019016867602,4.586232392427417,73.4394135921176,93.45794392523364,62.43496357960458,241,73.4010152284264,51.327718735588874,33.81304741859594,11.666666666666666,,,,,
sub_21,8,1000,69.3395180947449,5.208776387003935,68.70085132770811,84.6262341325811,58.59375,166,69.28695652173913,65.94504419892093,39.68043076084046,18.181818181818183,,,,,
sub_21,10,1000,71.53408268823489,5.681416048526108,71.9084255536815,91.32420091324201,60.42296072507553,120,70.93526172155939,67.7534741350637,41.10022887478027,17.647058823529413,,,,,
sub_21,11,1000,79.57613198383355,10.146022692872817,78.1886493700359,119.28429423459245,57.69230769230769,1273,79.5625,94.45284224092896,44.790341208988615,17.531446540880502,,,,,
sub_21,12,1000,78.548412770001,6.187011431031349,77.78531108449522,93.60374414976599,64.86486486486486,157,78.5,61.10169153160295,37.29230656626455,14.743589743589745,,,,,
sub_22,1,1000,84.58113428277656,5.715672492414248,84.26354992449686,99.50248756218906,69.60556844547564,261,84.38272902151597,49.176136607529585,34.611411513398394,10.76923076923077,,,,,
sub_22,2,1000,86.47343527973334,7.293688833356599,86.71753497331613,104.71204188481676,67.34006734006734,249,86.31696931529959,60.75694656656524,34.793084146902544,11.693548387096774,,,,,
sub_22,3,1000,81.81955129219992,5.596401353915951,81.84290567732205,101.52284263959392,66.1521499448732,162,81.9098822756116,52.780677547377586,44.13919743266749,27.32919254658385,,,,,
sub_22,4,1000,80.04750264239733,7.516704958415467,80.4407615453118,96.7741935483871,61.855670103092784,213,79.81264637002342,73.38426871076956,50.679973516565795,29.71698113207547,,,,,
sub_22,5,1000,80.57412572642187,6.329332523367227,80.38097819775025,96.93053311793214,67.41573033707866,195,80.62015503875969,60.30686555629235,45.19267903479466,26.804123711340207,,,,,
sub_22,6,1000,85.1944988000627,6.1820622939451955,84.81896166579224,98.52216748768473,71.77033492822967,207,84.63373083475298,52.56910587721924,36.26938506072204,14.077669902912621,,,,,
sub_22,7,1000,82.61508740801558,7.321907082024515,82.67902491994596,102.21465076660989,68.3371298405467,271,82.53807106598985,66.05823150112984,45.11488844994855,24.814814814814813,,,,,
sub_22,8,1000,88.46650265128928,5.782913832234257,88.33255721410686,104.34782608695653,72.99270072992701,212,88.48695652173913,45.81276841113418,31.91402139976662,9.004739336492891,,,,,
sub_22,10,1000,85.80485025949243,8.054217244064137,86.05547452738526,104.52961672473869,69.68641114982579,145,85.71344124688426,68.30469011371541,43.525332226814136,22.916666666666664,,,,,
sub_22,11,1000,83.47830203466056,8.33791116140528,83.91586546103477,119.5219123505976,60.72874493927126,1335,83.4375,74.1020779429523,47.182253456785155,22.488755622188904,,,,,
sub_22,12,1000,85.09892115010403,5.9497519718749095,85.27275877073491,96.7741935483871,71.59904534606206,170,85.0,50.97291669232644,36.90141305850341,17.159763313609467,,,,,
sub_23,1,1000,83.07656479542065,5.063794276737306,81.9456194155207,101.52284263959392,75.18796992481202,256,82.76620164562488,43.66944269638668,24.554214481813457,3.1372549019607843,,,,,
sub_23,2,1000,79.09918466909764,4.120433895988647,78.99526369349987,93.02325581395348,68.41505131128848,227,78.69057041997192,40.3852590005657,25.65705447716952,5.3097345132743365,,,,,
sub_23,3,1000,81.55787254409086,6.258796051514725,81.00311578266509,98.84678747940693,67.18924972004478,160,80.89864916109786,57.39902470928078,28.669438586424388,6.918238993710692,,,,,
sub_23,4,1000,78.39097917623634,5.429911846667852,77.46060737989971,94.7867298578199,67.11409395973155,209,78.31381733021077,53.36279756769886,30.25926615775401,8.173076923076923,,,,,
sub_23,5,1000,81.17480814699708,6.781114749350817,80.43187131758175,98.84678747940693,67.87330316742081,196,81.03359173126616,62.408792767928134,34.73901220633893,14.871794871794872,,,,,
sub_23,6,1000,80.4708062783529,6.176237126153273,80.12592183573639,96.93053311793214,67.79661016949153,197,80.54514480408858,58.12844611752216,32.71540059203671,9.693877551020408,,,,,
sub_23,7,1000,84.02603913568451,6.434724936075461,83.54363632808443,99.17355371900827,70.01166861143524,276,84.06091370558376,55.21973647723967,30.275740089322415,9.090909090909092,,,,,
sub_23,8,1000,81.270018994336,5.770143361284905,80.28810209244182,100.1669449081803,70.50528789659225,194,80.97391304347826,52.24554721917872,31.120146877331198,6.7357512953367875,,,,,
sub_23,10,1000,86.77109776889478,6.911437292778097,86.05577179304068,102.21465076660989,75.47169811320754,146,86.30456842789725,55.565600145595745,32.32817828321155,11.03448275862069,,,,,
sub_23,11,1000,80.56661737517817,7.25219048697678,80.22011904794635,109.89010989010988,65.00541711809318,1288,80.5,67.14687067870922,37.464726801043504,14.529914529914532,,,,,
sub_23,12,1000,77.5436221748038,6.125568052873467,77.51360934767965,93.31259720062208,64.23982869379014,154,77.0,62.059805870176255,33.41298597220768,9.15032679738562,,,,,
sub_24,1,1000,71.92165449790035,4.268740508066914,71.43236529650318,88.49557522123894,61.53846153846154,222,71.77381548956532,51.9032863239094,53.26998131303323,38.46153846153847,,,,,
sub_24,2,1000,71.24120246948351,5.778686113834486,70.82040980509359,89.95502248875562,58.76591576885407,205,71.06417152464424,71.6033275145519,69.26887713758235,48.529411764705884,,,,,
sub_24,3,1000,67.90136754692969,4.767735961331397,66.96221319864438,85.9598853868195,58.59375,134,67.75261867241946,63.79558824136109,58.97405695676188,42.10526315789473,,,,,
sub_24,4,1000,64.04496549357124,4.362297521699925,63.673227299712785,77.61966364812419,55.65862708719851,171,64.07494145199064,68.44824620567053,82.10218773436692,62.35294117647059,,,,,
sub_24,5,1000,71.75164555230663,4.104507335054802,71.44045687193922,83.33333333333334,61.7283950617284,173,71.52454780361757,51.93799034965896,61.169259947894574,46.51162790697674,,,,,
sub_24,6,1000,68.4188936256571,4.414004059105541,67.8278964515064,86.20689655172414,59.880239520958085,167,68.2793867120954,62.09096513831323,81.62011041552458,53.01204819277109,,,,,
sub_24,7,1000,69.65686270644505,4.668771917724965,68.9660539425683,86.95652173913044,61.855670103092784,228,69.44162436548223,60.07565143520878,64.92667750106602,47.57709251101321,,,,,
sub_24,8,1000,68.98108345265143,4.785515523361008,68.22818996651168,84.50704225352113,58.36575875486381,165,68.86956521739131,63.68969599103293,69.48412009074646,51.21951219512195,,,,,
sub_24,10,1000,67.4151379529143,5.03070802695766,66.12172802178405,89.02077151335311,60.120240480961925,114,67.38849863548143,69.50557054138312,81.87610413650266,53.09734513274337,,,,,
sub_24,11,1000,74.34990088660643,7.526701602858603,73.91655166287522,101.52284263959392,57.36137667304015,1189,74.3125,83.63365693588912,63.496412810206145,41.66666666666667,,,,,
sub_24,12,1000,74.1422283583437,6.117158760019204,73.91662468215021,92.3076923076923,63.55932203389831,147,73.5,69.02526185199459,58.232175014304175,39.04109589041096,,,,,
sub_25,1,1000,70.29182271390961,1.6767216084342664,70.26551085514687,75.0,66.51884700665188,218,70.48059358885243,21.254997504778604,17.528284021567565,0.4608294930875576,,,,,
sub_25,2,1000,75.55836767788468,2.9968262316117618,75.01220799289588,87.84773060029282,68.25938566552901,218,75.57067996279243,31.869557806749484,17.85966384321364,0.4608294930875576,,,,,
sub_25,3,1000,68.77173792802044,1.4702312878803503,68.80178888784577,75.28230865746549,65.21739130434783,136,68.76385178693319,19.6060707422535,17.684844679648265,0.7407407407407408,,,,,
sub_25,4,1000,70.72306384986909,1.6510264832826942,70.6713780918728,77.720207253886,66.74082313681869,188,70.44496487119437,20.75745240286075,18.832738595614625,0.0,,,,,
sub_25,5,1000,70.76145181153169,1.435410778649312,70.67429416599956,76.14213197969544,67.56756756756756,171,70.69767441860466,18.195022900129416,17.381551806305048,0.0,,,,,
sub_25,6,1000,71.31324001642746,1.3111960976268504,71.19461684992908,77.41935483870968,68.72852233676976,174,71.14139693356049,16.371450712769796,15.81488112874324,0.0,,,,,
sub_25,7,1000,74.88099296142411,6.8493605678150145,72.0565080898802,95.08716323296355,65.78947368421052,245,74.61928934010153,71.27195398954218,31.33175724956516,6.967213114754098,,,,,
sub_25,8,1000,73.67828006612602,4.4608661983776265,72.04343837146342,90.7715582450832,68.57142857142857,176,73.4608695652174,47.619041050902666,22.90020830101519,3.428571428571429,,,,,
sub_25,10,1000,68.3291318815671,2.1878792977631023,67.92378677021382,81.9672131147541,65.28835690968444,115,67.97962581649442,27.818540861262722,20.868742769480892,0.8771929824561403,,,,,
sub_25,11,1000,71.20202953977729,4.217452995365594,70.38297207927661,96.46302250803859,63.29113924050633,1138,71.125,48.422497807107916,25.186837049605497,3.95778364116095,,,,,
sub_25,12,1000,72.84417218021598,5.510718562277693,70.82581899255527,89.55223880597015,63.492063492063494,145,72.5,61.670335917423316,30.487186348834022,4.861111111111112,,,,,
sub_26,1,1000,67.93243598778159,4.70266034868097,67.72009029345372,79.6812749003984,58.708414872798436,210,67.89414978742664,61.92862230191684,33.98394700216786,12.440191387559809,,,,,
sub_26,2,1000,74.5540598370907,8.005924808124803,72.29616453840458,100.1669449081803,64.23982869379014,214,74.18406198182375,82.97322049515378,31.003499498154646,10.328638497652582,,,,,
sub_26,3,1000,66.4210013896482,3.145588015855173,66.16965689999711,82.41758241758242,58.99705014749263,131,66.23576900064887,44.23767662742883,42.582796686495485,24.615384615384617,,,,,
sub_26,4,1000,63.375154436423315,2.5784510789668205,63.108159578131904,79.47019867549669,58.65102639296188,169,63.325526932084315,38.9944594047854,37.10141466386261,19.642857142857142,,,,,
sub_26,5,1000,67.46994147802977,2.8039545709248475,67.00856255905677,79.05138339920948,62.89308176100629,163,67.39018087855297,38.608866630227176,39.344394346077145,22.839506172839506,,,,,
sub_26,6,1000,67.6591604082902,3.053534134246324,67.41429763353834,81.08108108108108,61.03763987792472,166,67.87052810902895,41.93986297581521,38.81664214376448,16.969696969696972,,,,,
sub_26,7,1000,74.04083652319693,7.835622045447636,72.23408992177139,97.5609756097561,62.5,242,73.70558375634518,83.27443568709516,31.755904962699457,9.95850622406639,,,,,
sub_26,8,1000,67.74053287845416,4.532615310488906,67.36565468756719,87.84773060029282,60.301507537688444,162,67.61739130434782,58.99760825239533,40.25807372440962,23.60248447204969,,,,,
sub_26,10,1000,71.83458288591422,3.4577911801700147,71.74610930226494,80.86253369272237,64.30868167202571,122,72.11751608358537,41.79999934095193,32.02329880987695,9.917355371900827,,,,,
sub_26,11,1000,67.58551744125948,5.526601455665661,66.28760319856764,96.15384615384616,58.36575875486381,1081,67.5625,70.1627429815464,42.310505425053094,19.814814814814817,,,,,
sub_26,12,1000,72.28823692897521,7.1531120947216875,70.22237731590054,96.46302250803859,61.664953751284685,144,72.0,79.0641845417883,37.104914066567034,20.27972027972028,,,,,
sub_27,1,1000,76.61859647942688,2.0670227981584035,76.34249945088953,82.41758241758242,71.94244604316548,236,76.30009214206042,21.570237387073778,15.315067157909626,0.0,,,,,
sub_27,2,1000,83.198520595102,4.619922237264536,83.75345546554556,94.04388714733543,70.33997655334115,240,83.1970788581201,41.51008380402416,18.995576663347425,0.41841004184100417,,,,,
sub_27,3,1000,77.70825600211565,2.5402938167902365,77.91119183332457,85.83690987124464,71.8562874251497,153,77.35933326029982,25.872700097152283,17.04920809564895,0.0,,,,,
sub_27,4,1000,77.05824972959074,2.8989334597279095,76.51268337960317,90.9090909090909,72.37635705669481,206,77.18969555035129,29.746937598832716,16.34388414727686,0.4878048780487805,,,,,
sub_27,5,1000,78.63277789800334,1.7467186893515083,78.6217355353342,85.1063829787234,74.25742574257426,190,78.55297157622739,17.370901731066084,12.044244674832626,0.0,,,,,
sub_27,6,1000,75.56091094738203,1.9493375418352468,75.21351549976248,83.68200836820084,72.11538461538461,185,75.63884156729132,20.6431744406228,13.010294368800482,0.0,,,,,
sub_27,7,1000,81.02317172969393,5.508044337116381,79.96136494868534,141.50943396226415,73.71007371007371,266,81.01522842639594,47.63860581361576,32.356033112665074,2.2641509433962264,,,,,
sub_27,8,1000,85.39127316196951,7.167167972351252,84.4394035124514,102.56410256410257,73.34963325183375,204,85.14782608695651,58.51736167432956,16.366925112059455,0.0,,,,,
sub_27,10,1000,80.85231983741478,3.607147368557424,80.30796930676397,90.63444108761328,73.80073800738008,137,80.9844237987803,33.377969297467125,16.45059944871986,0.7352941176470588,,,,,
sub_27,11,1000,77.95770244640607,4.052868328391402,77.24956535061938,101.18043844856662,61.09979633401222,1247,77.9375,39.92234332171125,21.441823785044864,1.5248796147672552,,,,,
sub_27,12,1000,74.79609689377834,3.4153688385253194,73.77864563419965,86.83068017366136,70.2576112412178,149,74.5,36.01294939825251,13.796381266637342,0.0,,,,,
sub_28,1,1000,79.08016751885808,3.8148542927950615,79.26552109612992,91.46341463414633,69.12442396313364,245,79.20984141866442,37.5150483647332,24.632609120813115,2.8688524590163933,,,,,
sub_28,2,1000,81.78329811106072,5.357445728393617,80.96497792340654,96.15384615384616,72.72727272727273,235,81.46380638190927,48.056786935367796,24.545132293660686,3.418803418803419,,,,,
sub_28,3,1000,78.94752286433365,4.098778602409859,78.74683850424177,97.0873786407767,70.33997655334115,156,78.8761829320704,39.811624931439425,24.499271126184258,3.225806451612903,,,,,
sub_28,4,1000,81.93213654477775,3.452278490666366,82.06116284046027,92.16589861751152,73.89162561576354,218,81.68618266978922,31.58644202310742,20.20176009933568,1.8433179723502304,,,,,
sub_28,5,1000,83.94437731102275,3.06272584390434,83.41406028255496,93.89671361502347,77.31958762886597,203,83.92764857881137,26.572930019517536,19.04276412897145,0.9900990099009901,,,,,
sub_28,6,1000,80.43575642872788,5.124537283371439,80.78426974097573,94.48818897637796,63.29113924050633,197,80.54514480408858,50.06019897799427,25.432565435193215,4.081632653061225,,,,,
sub_28,7,1000,75.8287555798961,4.257147135842478,74.92644721367205,89.68609865470852,67.0391061452514,249,75.83756345177665,44.61470429682656,28.330538879420924,4.838709677419355,,,,,
sub_28,8,1000,81.54168131211121,3.616003452375766,81.25916879566877,94.6372239747634,71.94244604316548,195,81.39130434782608,33.17679372864615,21.96228514776905,1.5463917525773196,,,,,
sub_28,10,1000,80.53252666516174,4.464912814079353,79.4690555375545,94.04388714733543,72.72727272727273,136,80.3932966177673,40.889147558486734,23.156830654693426,5.185185185185185,,,,,
sub_28,11,1000,82.43587632293749,7.299919352680484,81.5909830430069,115.16314779270633,65.14657980456026,1318,82.375,64.02508354946127,29.408879931833255,7.289293849658314,,,,,
sub_28,12,1000,81.12341768772275,8.804719987425738,78.58254730044504,108.1081081081081,68.18181818181819,162,81.0,76.15988769548456,28.24026380896609,5.590062111801243,,,,,
sub_29,1,1000,76.04428659313741,9.827417580655002,72.68720188119069,104.52961672473869,61.34969325153374,235,75.9767866668822,96.65303577579071,26.035548494466664,5.982905982905983,,,,,
sub_29,2,1000,66.77386519920204,4.122578114272864,66.01414741213793,86.45533141210375,58.881256133464184,193,66.90431758173824,53.730243893517674,24.339333215214758,2.604166666666667,,,,,
sub_29,3,1000,70.54499563756134,1.5721718308688102,70.60471844591198,73.98273736128236,66.3716814159292,139,70.28070145870376,19.821424551676444,15.900236421140887,0.0,,,,,
sub_29,4,1000,68.62110263004224,2.0069029100958873,68.4926299913953,77.31958762886597,63.29113924050633,183,68.57142857142857,26.20131300815562,19.999861877976098,0.5494505494505495,,,,,
sub_29,5,1000,70.11468238738118,2.503112885409938,70.23930571977408,76.72634271099744,64.30868167202571,169,69.87080103359173,31.35292573877201,18.462942331084665,1.1904761904761905,,,,,
sub_29,6,1000,68.79550248699597,2.8701232366591225,68.37749157531928,78.43137254901961,62.89308176100629,168,68.68824531516184,36.75702357638124,23.556264354974576,2.3952095808383236,,,,,
sub_29,7,1000,73.89867925917386,6.3961101657954655,73.79359038272791,92.3076923076923,61.162079510703364,242,73.70558375634518,70.82863111884022,26.845002638604203,4.979253112033195,,,,,
sub_29,8,1000,73.7882007849159,5.076932889728998,73.43868947757251,91.88361408882082,62.63048016701462,177,73.87826086956522,56.070845434969215,26.66136852130009,3.977272727272727,,,,,
sub_29,10,1000,70.30449901463027,1.990624992179675,70.23191459986221,75.47169811320754,66.2251655629139,119,70.34413454054639,25.011341770324176,18.45785219607925,0.0,,,,,
sub_29,11,1000,68.34628663999504,4.535146684272567,67.85125594942647,101.52284263959392,54.54545454545454,1093,68.3125,56.91088067813963,34.94746613920487,5.4945054945054945,,,,,
sub_29,12,1000,63.94194188735015,5.392033720430377,62.26224140508153,87.08272859216257,57.69230769230769,128,64.0,75.06512857718262,32.750015146004,11.811023622047244,,,,,
sub_3,1,1000,65.4877575336289,4.755693727346197,64.67052623959397,77.92207792207792,56.980056980056986,202,65.30770598600087,67.18847330661437,51.896820711870205,32.33830845771145,,,,,
sub_3,2,1000,69.26623691436751,7.0019549144821855,68.54919405117785,90.36144578313252,54.29864253393665,199,68.98424455319125,87.30527148554515,49.50967705234413,34.34343434343434,,,,,
sub_3,3,1000,68.24310893125758,8.519799701103311,67.4372265497752,90.7715582450832,55.452865064695004,135,68.25823522967632,110.2295021712294,53.41059566531072,35.82089552238806,,,,,
sub_3,4,1000,62.61060412041144,4.888287801433571,61.63580976104404,81.19079837618403,53.19148936170213,167,62.57611241217799,73.48152663908569,54.35467140026056,34.33734939759036,,,,,
sub_3,5,1000,65.16295654672045,5.891584145538132,65.09608785138525,81.85538881309687,55.09641873278237,158,65.32299741602067,84.65215498028277,59.63005609374848,40.12738853503185,,,,,
sub_3,6,1000,61.1604309104431,4.879656386261344,60.466326968241546,77.02182284980745,49.18032786885246,149,60.91993185689948,80.12272485876835,60.86273169061291,33.78378378378378,,,,,
sub_3,7,1000,73.68065298737942,7.583525814660212,72.95994088160501,95.23809523809524,59.582919563058596,242,73.70558375634518,84.45419199977415,49.54324710122797,27.385892116182575,,,,,
sub_3,8,1000,83.36684020445932,10.341481957139704,85.41654451156299,102.21465076660989,56.657223796033996,199,83.0608695652174,95.09732329197205,33.77335627249133,9.595959595959595,,,,,
sub_3,10,1000,65.50454058045008,7.210121263979922,65.21472847494115,83.91608391608392,51.02040816326531,111,65.61511709244243,101.36538298348943,54.24409662210833,30.0,,,,,
sub_3,11,1000,60.33516973537619,6.162622698381346,59.17306241649632,97.0873786407767,47.61904761904762,964,60.25,99.59991758447981,66.07296886123109,36.44859813084112,,,,,
sub_3,12,1000,64.23052441703605,7.42594352064166,63.83817441170492,85.59201141226819,51.90311418685121,128,64.0,108.35112887787031,53.02657315268883,29.92125984251969,,,,,
sub_30,1,1000,88.37207933071927,13.371968789943878,86.96346022593997,123.4567901234568,62.695924764890286,273,88.26239472365465,103.78111717281058,44.10052254294597,19.485294117647058,,,,,
sub_30,2,1000,89.10142542731695,10.679104331752795,86.95293386360851,120.48192771084338,62.04756980351603,257,89.09020527723693,80.63036642347183,38.944958645780694,18.75,,,,,
sub_30,3,1000,83.73402346098219,4.528341173856239,83.7530253966013,94.04388714733543,72.72727272727273,165,83.42673194738218,40.71097346866227,35.50537849172278,16.463414634146343,,,,,
sub_30,4,1000,84.45334496897723,5.089218256519655,84.14553775399943,99.33774834437087,72.63922518159806,224,83.93442622950819,43.6995139271895,32.44732390858804,11.210762331838566,,,,,
sub_30,5,1000,88.25661850406226,4.4213311132226005,88.73105072890293,100.0,75.94936708860759,213,88.06201550387597,35.28368318648365,25.873370086265396,4.245283018867925,,,,,
sub_30,6,1000,83.42809790183469,3.9112957950897123,83.4515577780981,95.69377990430623,74.81296758104737,203,82.99829642248721,35.26597797456268,33.08672457774541,10.891089108910892,,,,,
sub_30,7,1000,85.22399862648602,7.160167288438796,85.13295836723469,107.91366906474819,64.23982869379014,279,84.9746192893401,60.648782211872,35.355083785199604,12.23021582733813,,,,,
sub_30,8,1000,84.36017968682928,4.406589829257156,84.34805111240112,94.6372239747634,74.71980074719801,202,84.31304347826087,38.633857885595354,34.24105722666869,13.432835820895523,,,,,
sub_30,10,1000,83.61056581413688,4.95883023845802,83.17167679722941,101.86757215619694,71.25890736342043,141,83.34893252283229,43.62593199515677,35.7196316656672,17.857142857142858,,,,,
sub_30,11,1000,85.61774567866196,7.364479347699301,85.1066956819453,116.27906976744185,66.07929515418502,1369,85.5625,60.35602519848922,36.188272621769,14.546783625730994,,,,,
sub_30,12,1000,87.57541915540129,6.1268635140223475,87.33753109230221,102.04081632653062,73.43941248470013,174,87.0,49.13188368963465,30.893007412305202,12.138728323699421,,,,,
sub_4,1,1000,55.82693857954845,5.846995370825282,53.97332664767904,85.1063829787234,48.82017900732302,172,55.60854173065421,108.1171252036323,96.4189388279392,56.72514619883041,,,,,
sub_4,2,1000,55.41968982639007,4.455256698977389,54.1573954406296,79.7872340425532,48.939641109298535,159,55.11806474350456,85.31910426468163,85.6903773146741,60.75949367088608,,,,,
sub_4,3,1000,54.8434947413235,2.2411068362274484,54.620574908358876,60.91370558375635,50.93378607809847,108,54.60658818374105,50.667501741007655,71.1402415111458,66.35514018691589,,,,,
sub_4,4,1000,56.3003243525497,5.798643526668108,54.52014252876222,77.82101167315174,48.97959183673469,150,56.206088992974244,108.16889392815519,92.99611296730109,57.04697986577181,,,,,
sub_4,5,1000,53.72682018979943,2.2841979117455904,53.3799485370096,64.86486486486486,48.38709677419355,129,53.33333333333333,49.669892078943136,54.914536319745054,33.59375,,,,,
sub_4,6,1000,55.298890008498624,4.630449001276847,54.21832576346236,77.02182284980745,49.01960784313726,135,55.19591141396934,89.9428655041657,90.00659959094561,59.70149253731343,,,,,
sub_4,7,1000,56.31515293782563,4.7047403838498605,55.326638305169276,82.87292817679558,49.504950495049506,184,56.04060913705584,86.7909040282337,78.74681225015041,50.81967213114754,,,,,
sub_4,8,1000,55.450100231737274,4.774113662936051,54.200542005420054,79.47019867549669,49.01960784313726,132,55.09565217391304,90.74288430001727,78.89233169326408,58.778625954198475,,,,,
sub_4,10,1000,52.16751571755029,3.083050285589664,51.470349496066014,69.04487917146145,47.92332268370607,88,52.01919192914355,68.12741808475066,75.88907143186493,49.42528735632184,,,,,
sub_4,11,1000,60.280899412264,9.513184328090496,57.176644100919034,124.74012474012474,45.97701149425288,963,60.1875,144.72653354145575,94.99588687081419,50.62370062370062,,,,,
sub_4,12,1000,63.140396719515245,12.210548979483079,60.267766457518604,138.56812933025404,49.18032786885246,125,62.50000000000001,160.52972972431186,153.93494560909423,64.51612903225806,,,,,
sub_5,1,1000,60.75231664609869,1.846014401503569,60.60467228807685,66.51884700665188,55.4016620498615,187,60.458123858327546,32.11517208152889,35.990238916924355,15.053763440860216,,,,,
sub_5,2,1000,61.85849952886602,4.302382446276427,60.95837248004988,78.53403141361257,53.09734513274337,178,61.70450015310573,66.00818856690375,37.72244629587872,16.38418079096045,,,,,
sub_5,3,1000,59.8361166596638,2.1965155553692712,59.65847182554224,68.72852233676976,55.60704355885079,118,59.66275375630967,38.01616956304763,32.81583932104781,11.11111111111111,,,,,
sub_5,4,1000,63.63551543498978,2.5638499664314742,63.36866580835082,76.82458386683739,58.99705014749263,169,63.325526932084315,38.463996233792024,30.579923749527985,9.523809523809524,,,,,
sub_5,5,1000,62.530732020610934,3.0842032796163394,62.09078372876681,75.0,57.08848715509039,151,62.428940568475454,46.99891188230643,32.86018786173817,10.0,,,,,
sub_5,6,1000,61.85142975958749,2.73469013618072,61.55990779178994,73.98273736128236,55.55555555555555,151,61.737649063032364,43.654208137855115,34.18848269510198,15.333333333333332,,,,,
sub_5,7,1000,68.81839731925217,7.68272655630457,66.45906659542507,96.15384615384616,56.550424128180964,226,68.83248730964468,94.77401211838546,39.94935409812207,15.11111111111111,,,,,
sub_5,8,1000,73.654147993545,6.628791288661377,74.78184819238484,88.88888888888889,58.53658536585366,176,73.4608695652174,76.81271874021077,39.93435705709081,13.714285714285715,,,,,
sub_5,10,1000,60.023483443429775,1.4764487090325873,60.008401176164675,64.72491909385113,56.92599620493358,101,59.703845282312486,27.408256516103403,35.915445033010386,15.0,,,,,
sub_5,11,1000,66.55910105665014,6.458369227679161,65.19485176622146,95.08716323296355,52.264808362369344,1065,66.5625,84.18535361587674,40.74798069089683,17.481203007518797,,,,,
sub_5,12,1000,67.78422138723057,5.567165518086837,66.44330447241603,86.70520231213874,57.7478344562079,136,68.0,71.98682162425418,39.54725116397935,17.037037037037038,,,,,
sub_6,1,1000,58.933000123933354,6.664660713681195,58.057152578067594,95.08716323296355,46.72897196261682,182,58.84159648243643,110.42273172126181,79.90682073515377,48.61878453038674,,,,,
sub_6,2,1000,64.97405966400252,8.198467224432298,63.19822037361999,92.5925925925926,52.264808362369344,187,64.82439061028523,112.29239399661682,66.18303857178661,38.17204301075269,,,,,
sub_6,3,1000,65.92612194884495,7.126910530940135,65.531331872423,86.95652173913044,52.083333333333336,130,65.73015244339202,100.13516724888035,59.249736286332954,35.65891472868217,,,,,
sub_6,4,1000,68.2192605034266,9.484864261030516,66.9050153524528,93.75,49.95836802664446,182,68.1967213114754,121.74541587289876,68.38412746309548,34.25414364640884,,,,,
sub_6,5,1000,61.874663177182505,4.394689320392403,61.491144218790595,81.85538881309687,52.67778753292362,150,62.01550387596899,69.76387580614347,55.91179104963798,38.92617449664429,,,,,
sub_6,6,1000,63.267346881827095,9.042504385533553,60.45723717365922,88.36524300441826,49.87531172069825,155,63.373083475298124,133.67987131922905,79.07669810384432,46.75324675324675,,,,,
sub_6,7,1000,60.67767875804889,5.003955377849348,60.48207337029569,74.9063670411985,48.07692307692308,199,60.609137055837564,83.89799342977966,67.83908999964324,47.97979797979798,,,,,
sub_6,8,1000,63.97160048097499,7.062198740348847,62.022814187715625,91.32420091324201,50.0417014178482,153,63.86086956521739,100.71299928938006,63.75309367899243,35.526315789473685,,,,,
sub_6,10,1000,65.7752209482423,5.5284210542916865,64.51945689964629,87.46355685131195,57.41626794258374,111,65.61511709244243,75.02569423646175,48.149232848023765,32.72727272727273,,,,,
sub_6,11,1000,66.89767306899272,9.009689125833788,65.58883630113874,97.40259740259741,48.27031375703942,1069,66.8125,120.1705345415173,66.3004083128866,34.08239700374532,,,,,
sub_6,12,1000,62.3139314113418,6.471029552430884,61.233846007838224,79.15567282321899,47.77070063694268,125,62.50000000000001,103.21161795191358,72.04368593379178,44.354838709677416,,,,,
sub_7,1,1000,66.90971732147923,6.277309586327357,65.39544744402339,86.58008658008659,54.44646098003629,206,66.60092788671376,85.34103470597688,78.31134443148494,47.3170731707317,,,,,
sub_7,2,1000,68.47767845673701,6.255927223520903,66.9217713711842,86.83068017366136,58.083252662149086,197,68.2909355627069,80.57391648537218,66.31455732205798,27.040816326530614,,,,,
sub_7,3,1000,69.76687681760923,5.830734623442107,68.221660830308,88.10572687224669,58.19592628516004,137,69.26946834419005,74.80303111540526,81.93298978320524,37.5,,,,,
sub_7,4,1000,67.02367177210735,4.168168738371652,66.55400364970625,84.38818565400844,57.14285714285714,179,67.07259953161592,57.52036283942807,53.34357246345469,26.40449438202247,,,,,
sub_7,5,1000,67.58585683929365,4.325248991908056,66.9973243230641,84.86562942008487,58.252427184466015,163,67.39018087855297,58.64718585369315,60.75600320516351,30.864197530864196,,,,,
sub_7,6,1000,65.5363595593538,3.869234180326057,64.98553157705933,82.75862068965517,57.58157389635316,160,65.41737649063032,54.803647450724945,49.6090411318876,27.67295597484277,,,,,
sub_7,7,1000,64.59270440950415,5.81619593735271,63.38233001861998,100.50251256281408,53.0035335689046,212,64.56852791878173,80.76936245869315,70.5776843188378,36.96682464454976,,,,,
sub_7,8,1000,64.84613573013758,5.067153619496588,63.351081305661765,90.9090909090909,53.81165919282511,155,64.69565217391305,72.30069209380376,60.2171994625382,25.97402597402597,,,,,
sub_7,10,1000,66.66296358542037,5.474180631496036,65.1057156034012,89.95502248875562,60.72874493927126,112,66.20624427345544,71.44809287468753,56.284343051396384,29.72972972972973,,,,,
sub_7,11,1000,72.22068874555941,10.880808633182557,68.23419398931135,107.91366906474819,53.57142857142857,1155,72.1875,121.48346489014216,68.86280464057629,32.842287694974004,,,,,
sub_7,12,1000,71.397421028096,12.853545910711077,65.67559501379567,100.50251256281408,56.92599620493358,143,71.5,146.46371587504285,59.644217021547654,31.690140845070424,,,,,
sub_8,1,1000,73.10059734503328,2.6281809705076165,73.31265395712462,79.15567282321899,65.50218340611353,226,73.0670373902782,30.286117753377184,17.66617530763238,1.3333333333333335,,,,,
sub_8,2,1000,74.03135913804793,2.7589969645356893,73.7508868498197,82.19178082191782,66.006600660066,213,73.83740748658158,30.67895847724758,16.86804095581949,0.0,,,,,
sub_8,3,1000,74.11159553357209,2.031960480094896,74.2746959173038,78.125,68.1044267877412,146,73.82001735950179,23.072439231847152,16.0312195418814,0.0,,,,,
sub_8,4,1000,71.78210651768049,1.8333949420904374,71.97406232110391,76.43312101910827,67.72009029345372,192,71.94379391100702,22.05756890731284,16.27397017519566,0.5235602094240838,,,,,
sub_8,5,1000,73.79754949406029,1.8569822808084706,73.82854544107174,80.0,68.3371298405467,178,73.59173126614988,21.245553025734257,17.4509051601655,0.5649717514124294,,,,,
sub_8,6,1000,73.2152852117397,1.7281807314858768,73.23326015516321,77.82101167315174,69.20415224913495,179,73.18568994889267,19.987637422104548,14.179040790551136,0.0,,,,,
sub_8,7,1000,84.51602610192057,7.791098132581982,85.99185737177667,101.69491525423729,71.09004739336493,277,84.36548223350255,66.65298845187077,10.885352961246094,0.0,,,,,
sub_8,8,1000,77.30523278134103,6.861578674314026,74.72139315413608,90.36144578313252,66.07929515418502,185,77.21739130434781,68.2607920186511,12.02320161392881,0.0,,,,,
sub_8,10,1000,72.69438140659251,2.4991018832617202,72.61888862094136,80.32128514056225,67.41573033707866,123,72.70864326459838,29.08329003244357,20.822548172514676,0.0,,,,,
sub_8,11,1000,73.51631276608103,4.956210912378222,72.99513530106478,94.7867298578199,61.03763987792472,1176,73.5,53.96400865006467,24.107139477028507,2.6382978723404253,,,,,
sub_8,12,1000,70.89062745684102,5.73273739872713,69.84390916508193,88.75739644970413,59.230009871668315,141,70.5,66.86226235658575,19.688948073957448,0.7142857142857143,,,,,
sub_9,1,1000,73.68541792057505,6.349475525821014,73.10457336888163,95.08716323296355,60.544904137235115,228,73.71364834063465,70.37819497445541,55.29198440843852,37.44493392070485,,,,,
sub_9,2,1000,77.81483778406833,6.651099753890031,77.9822989951813,96.15384615384616,59.642147117296226,224,77.65060693424542,68.95345004668444,51.901891163100274,23.766816143497756,,,,,
sub_9,3,1000,74.35834670889439,7.2342311653915425,71.74139795575368,98.19967266775778,65.21739130434783,147,74.32563391675866,76.28386097004352,41.88078318274385,23.972602739726025,,,,,
sub_9,4,1000,74.15262045015739,6.724435039461434,73.84215694800608,94.9367088607595,60.36217303822938,198,74.19203747072599,74.95669249311848,61.7689077059298,43.14720812182741,,,,,
sub_9,5,1000,74.34668087149399,6.309395050050949,72.57989345463477,93.02325581395348,62.761506276150634,180,74.4186046511628,68.45780016634768,52.37585643288949,34.07821229050279,,,,,
sub_9,6,1000,74.20221227202755,6.719607481454869,73.0711338042019,98.03921568627452,61.91950464396285,181,74.00340715502556,72.50245805888933,49.61139488860695,37.77777777777778,,,,,
sub_9,7,1000,78.30895915048322,8.998812679353007,77.43629881060694,101.35135135135135,62.43496357960458,257,78.2741116751269,88.33770394755282,52.08571367109652,31.640625,,,,,
sub_9,8,1000,74.99576924575979,6.181349434809166,74.24768805098404,94.48818897637796,61.855670103092784,179,74.71304347826087,67.29345791055643,59.478287354854686,35.95505617977528,,,,,
sub_9,10,1000,70.9875682803195,6.553831457996049,70.21935105958046,93.02325581395348,61.162079510703364,120,70.93526172155939,78.42283472021884,58.74456339793121,41.17647058823529,,,,,
sub_9,11,1000,75.52826225399711,7.526725227351963,74.61824849134835,106.57193605683838,58.36575875486381,1208,75.5,79.32501535961816,55.13845079632638,29.411764705882355,,,,,
sub_9,12,1000,74.19323029042769,8.964622168657808,72.52461926221557,99.83361064891847,61.162079510703364,148,74.0,96.0181442138143,43.27595428385239,20.408163265306122,,,,,
